"source","target","status"
"アイルランド\Ireland1_newgrange\Ireland1_1.JPG","Ireland\Ireland_Newgrange\Ireland_Newgrange_1.jpg","OK_extra"
"アイルランド\Ireland1_newgrange\Ireland1_10.JPG","Ireland\Ireland_Newgrange\Ireland_Newgrange_10.jpg","OK_ledger"
"アイルランド\Ireland1_newgrange\Ireland1_11.JPG","Ireland\Ireland_Newgrange\Ireland_Newgrange_11.jpg","OK_ledger"
"アイルランド\Ireland1_newgrange\Ireland1_12.JPG","Ireland\Ireland_Newgrange\Ireland_Newgrange_12.jpg","OK_ledger"
"アイルランド\Ireland1_newgrange\Ireland1_13.JPG","Ireland\Ireland_Newgrange\Ireland_Newgrange_13.jpg","OK_ledger"
"アイルランド\Ireland1_newgrange\Ireland1_14.jpg","Ireland\Ireland_Newgrange\Ireland_Newgrange_14.jpg","OK_extra"
"アイルランド\Ireland1_newgrange\Ireland1_15.jpg","Ireland\Ireland_Newgrange\Ireland_Newgrange_15.jpg","OK_extra"
"アイルランド\Ireland1_newgrange\Ireland1_16.jpg","Ireland\Ireland_Newgrange\Ireland_Newgrange_16.jpg","OK_extra"
"アイルランド\Ireland1_newgrange\Ireland1_17.JPG","Ireland\Ireland_Newgrange\Ireland_Newgrange_17.jpg","OK_extra"
"アイルランド\Ireland1_newgrange\Ireland1_18.JPG","Ireland\Ireland_Newgrange\Ireland_Newgrange_18.jpg","OK_extra"
"アイルランド\Ireland1_newgrange\Ireland1_19.jpg","Ireland\Ireland_Newgrange\Ireland_Newgrange_19.jpg","OK_extra"
"アイルランド\Ireland1_newgrange\Ireland1_2.jpg","Ireland\Ireland_Newgrange\Ireland_Newgrange_2.jpg","OK_extra"
"アイルランド\Ireland1_newgrange\Ireland1_20.JPG","Ireland\Ireland_Newgrange\Ireland_Newgrange_20.jpg","OK_extra"
"アイルランド\Ireland1_newgrange\Ireland1_21.JPG","Ireland\Ireland_Newgrange\Ireland_Newgrange_21.jpg","OK_extra"
"アイルランド\Ireland1_newgrange\Ireland1_22.JPG","Ireland\Ireland_Newgrange\Ireland_Newgrange_22.jpg","OK_extra"
"アイルランド\Ireland1_newgrange\Ireland1_23.JPG","Ireland\Ireland_Newgrange\Ireland_Newgrange_23.jpg","OK_extra"
"アイルランド\Ireland1_newgrange\Ireland1_24.jpg","Ireland\Ireland_Newgrange\Ireland_Newgrange_24.jpg","OK_extra"
"アイルランド\Ireland1_newgrange\Ireland1_3.JPG","Ireland\Ireland_Newgrange\Ireland_Newgrange_3.jpg","OK_extra"
"アイルランド\Ireland1_newgrange\Ireland1_5.JPG","Ireland\Ireland_Newgrange\Ireland_Newgrange_5.jpg","OK_extra"
"アイルランド\Ireland1_newgrange\Ireland1_6.jpg","Ireland\Ireland_Newgrange\Ireland_Newgrange_6.jpg","OK_extra"
"アイルランド\Ireland1_newgrange\Ireland1_7.jpg","Ireland\Ireland_Newgrange\Ireland_Newgrange_7.jpg","OK_extra"
"アイルランド\Ireland1_newgrange\Ireland1_8.JPG","Ireland\Ireland_Newgrange\Ireland_Newgrange_8.jpg","OK_ledger"
"アイルランド\Ireland1_newgrange\Ireland1_9.JPG","Ireland\Ireland_Newgrange\Ireland_Newgrange_9.jpg","OK_ledger"
"アイルランド\Ireland2_LoughCrew_T古墳\Ireland2_1.JPG","Ireland\Ireland_LoughCrew_T\Ireland_LoughCrew_T_1.jpg","OK_extra"
"アイルランド\Ireland2_LoughCrew_T古墳\Ireland2_10.JPG","Ireland\Ireland_LoughCrew_T\Ireland_LoughCrew_T_10.jpg","OK_ledger"
"アイルランド\Ireland2_LoughCrew_T古墳\Ireland2_11.JPG","Ireland\Ireland_LoughCrew_T\Ireland_LoughCrew_T_11.jpg","OK_extra"
"アイルランド\Ireland2_LoughCrew_T古墳\Ireland2_12.JPG","Ireland\Ireland_LoughCrew_T\Ireland_LoughCrew_T_12.jpg","OK_extra"
"アイルランド\Ireland2_LoughCrew_T古墳\Ireland2_2.JPG","Ireland\Ireland_LoughCrew_T\Ireland_LoughCrew_T_2.jpg","OK_extra"
"アイルランド\Ireland2_LoughCrew_T古墳\Ireland2_3.JPG","Ireland\Ireland_LoughCrew_T\Ireland_LoughCrew_T_3.jpg","OK_extra"
"アイルランド\Ireland2_LoughCrew_T古墳\Ireland2_5.JPG","Ireland\Ireland_LoughCrew_T\Ireland_LoughCrew_T_5.jpg","OK_ledger"
"アイルランド\Ireland2_LoughCrew_T古墳\Ireland2_6.JPG","Ireland\Ireland_LoughCrew_T\Ireland_LoughCrew_T_6.jpg","OK_ledger"
"アイルランド\Ireland2_LoughCrew_T古墳\Ireland2_7.JPG","Ireland\Ireland_LoughCrew_T\Ireland_LoughCrew_T_7.jpg","OK_ledger"
"アイルランド\Ireland2_LoughCrew_T古墳\Ireland2_8.JPG","Ireland\Ireland_LoughCrew_T\Ireland_LoughCrew_T_8.jpg","OK_ledger"
"アイルランド\Ireland2_LoughCrew_T古墳\Ireland2_9.JPG","Ireland\Ireland_LoughCrew_T\Ireland_LoughCrew_T_9.jpg","OK_ledger"
"イタリア\Italy10_BETTINI_5513\Italy10_1.jpg","Italy\Italy_Bettini5513\Italy_Bettini5513_1.jpg","OK_extra"
"イタリア\Italy10_BETTINI_5513\Italy10_10.jpg","Italy\Italy_Bettini5513\Italy_Bettini5513_10.jpg","OK_extra"
"イタリア\Italy10_BETTINI_5513\Italy10_11.jpg","Italy\Italy_Bettini5513\Italy_Bettini5513_11.jpg","OK_extra"
"イタリア\Italy10_BETTINI_5513\Italy10_12.jpg","Italy\Italy_Bettini5513\Italy_Bettini5513_12.jpg","OK_extra"
"イタリア\Italy10_BETTINI_5513\Italy10_13.jpg","Italy\Italy_Bettini5513\Italy_Bettini5513_13.jpg","OK_extra"
"イタリア\Italy10_BETTINI_5513\Italy10_14.jpg","Italy\Italy_Bettini5513\Italy_Bettini5513_14.jpg","OK_extra"
"イタリア\Italy10_BETTINI_5513\Italy10_15.jpg","Italy\Italy_Bettini5513\Italy_Bettini5513_15.jpg","OK_extra"
"イタリア\Italy10_BETTINI_5513\Italy10_16.jpg","Italy\Italy_Bettini5513\Italy_Bettini5513_16.jpg","OK_extra"
"イタリア\Italy10_BETTINI_5513\Italy10_2.JPG","Italy\Italy_Bettini5513\Italy_Bettini5513_2.jpg","OK_extra"
"イタリア\Italy10_BETTINI_5513\Italy10_5.jpg","Italy\Italy_Bettini5513\Italy_Bettini5513_5.jpg","OK_extra"
"イタリア\Italy10_BETTINI_5513\Italy10_6.jpg","Italy\Italy_Bettini5513\Italy_Bettini5513_6.jpg","OK_extra"
"イタリア\Italy10_BETTINI_5513\Italy10_7.jpg","Italy\Italy_Bettini5513\Italy_Bettini5513_7.jpg","OK_extra"
"イタリア\Italy10_BETTINI_5513\Italy10_8.jpg","Italy\Italy_Bettini5513\Italy_Bettini5513_8.jpg","OK_extra"
"イタリア\Italy10_BETTINI_5513\Italy10_9.jpg","Italy\Italy_Bettini5513\Italy_Bettini5513_9.jpg","OK_extra"
"イタリア\Italy11_CERVO\Italy11_1.jpg","Italy\Italy_Cervo\Italy_Cervo_1.jpg","OK_extra"
"イタリア\Italy11_CERVO\Italy11_10.jpg","Italy\Italy_Cervo\Italy_Cervo_10.jpg","OK_extra"
"イタリア\Italy11_CERVO\Italy11_11.jpg","Italy\Italy_Cervo\Italy_Cervo_11.jpg","OK_extra"
"イタリア\Italy11_CERVO\Italy11_2.jpg","Italy\Italy_Cervo\Italy_Cervo_2.jpg","OK_extra"
"イタリア\Italy11_CERVO\Italy11_5.jpg","Italy\Italy_Cervo\Italy_Cervo_5.jpg","OK_extra"
"イタリア\Italy11_CERVO\Italy11_6.jpg","Italy\Italy_Cervo\Italy_Cervo_6.jpg","OK_extra"
"イタリア\Italy11_CERVO\Italy11_7.jpg","Italy\Italy_Cervo\Italy_Cervo_7.jpg","OK_extra"
"イタリア\Italy11_CERVO\Italy11_8.jpg","Italy\Italy_Cervo\Italy_Cervo_8.jpg","OK_extra"
"イタリア\Italy11_CERVO\Italy11_9.jpg","Italy\Italy_Cervo\Italy_Cervo_9.jpg","OK_extra"
"イタリア\Italy12_BARTOCCINI\Italy12_1.jpg","Italy\Italy_Bartoccini\Italy_Bartoccini_1.jpg","OK_extra"
"イタリア\Italy12_BARTOCCINI\Italy12_2.JPG","Italy\Italy_Bartoccini\Italy_Bartoccini_2.jpg","OK_extra"
"イタリア\Italy12_BARTOCCINI\Italy12_5.jpg","Italy\Italy_Bartoccini\Italy_Bartoccini_5.jpg","OK_extra"
"イタリア\Italy13_BACCANTI\Italy13_1.jpg","Italy\Italy_Baccanti\Italy_Baccanti_1.jpg","OK_extra"
"イタリア\Italy13_BACCANTI\Italy13_10.jpg","Italy\Italy_Baccanti\Italy_Baccanti_10.jpg","OK_extra"
"イタリア\Italy13_BACCANTI\Italy13_11.jpg","Italy\Italy_Baccanti\Italy_Baccanti_11.jpg","OK_extra"
"イタリア\Italy13_BACCANTI\Italy13_12.jpg","Italy\Italy_Baccanti\Italy_Baccanti_12.jpg","OK_extra"
"イタリア\Italy13_BACCANTI\Italy13_13.jpg","Italy\Italy_Baccanti\Italy_Baccanti_13.jpg","OK_extra"
"イタリア\Italy13_BACCANTI\Italy13_2.JPG","Italy\Italy_Baccanti\Italy_Baccanti_2.jpg","OK_extra"
"イタリア\Italy13_BACCANTI\Italy13_5.jpg","Italy\Italy_Baccanti\Italy_Baccanti_5.jpg","OK_extra"
"イタリア\Italy13_BACCANTI\Italy13_6.jpg","Italy\Italy_Baccanti\Italy_Baccanti_6.jpg","OK_extra"
"イタリア\Italy13_BACCANTI\Italy13_7.jpg","Italy\Italy_Baccanti\Italy_Baccanti_7.jpg","OK_extra"
"イタリア\Italy13_BACCANTI\Italy13_8.jpg","Italy\Italy_Baccanti\Italy_Baccanti_8.jpg","OK_extra"
"イタリア\Italy13_BACCANTI\Italy13_9.jpg","Italy\Italy_Baccanti\Italy_Baccanti_9.jpg","OK_extra"
"イタリア\Italy14_CACCIATORE\Italy14_1.jpg","Italy\Italy_Cacciatore\Italy_Cacciatore_1.jpg","OK_extra"
"イタリア\Italy14_CACCIATORE\Italy14_10.jpg","Italy\Italy_Cacciatore\Italy_Cacciatore_10.jpg","OK_extra"
"イタリア\Italy14_CACCIATORE\Italy14_11.jpg","Italy\Italy_Cacciatore\Italy_Cacciatore_11.jpg","OK_extra"
"イタリア\Italy14_CACCIATORE\Italy14_12.jpg","Italy\Italy_Cacciatore\Italy_Cacciatore_12.jpg","OK_extra"
"イタリア\Italy14_CACCIATORE\Italy14_13.jpg","Italy\Italy_Cacciatore\Italy_Cacciatore_13.jpg","OK_extra"
"イタリア\Italy14_CACCIATORE\Italy14_2.jpg","Italy\Italy_Cacciatore\Italy_Cacciatore_2.jpg","OK_extra"
"イタリア\Italy14_CACCIATORE\Italy14_5.jpg","Italy\Italy_Cacciatore\Italy_Cacciatore_5.jpg","OK_extra"
"イタリア\Italy14_CACCIATORE\Italy14_6.jpg","Italy\Italy_Cacciatore\Italy_Cacciatore_6.jpg","OK_extra"
"イタリア\Italy14_CACCIATORE\Italy14_7.jpg","Italy\Italy_Cacciatore\Italy_Cacciatore_7.jpg","OK_extra"
"イタリア\Italy14_CACCIATORE\Italy14_8.jpg","Italy\Italy_Cacciatore\Italy_Cacciatore_8.jpg","OK_extra"
"イタリア\Italy14_CACCIATORE\Italy14_9.jpg","Italy\Italy_Cacciatore\Italy_Cacciatore_9.jpg","OK_extra"
"イタリア\Italy15_LEONESSE\Italy15_1.jpg","Italy\Italy_Leonesse\Italy_Leonesse_1.jpg","OK_extra"
"イタリア\Italy15_LEONESSE\Italy15_10.jpg","Italy\Italy_Leonesse\Italy_Leonesse_10.jpg","OK_extra"
"イタリア\Italy15_LEONESSE\Italy15_11.jpg","Italy\Italy_Leonesse\Italy_Leonesse_11.jpg","OK_extra"
"イタリア\Italy15_LEONESSE\Italy15_12.jpg","Italy\Italy_Leonesse\Italy_Leonesse_12.jpg","OK_extra"
"イタリア\Italy15_LEONESSE\Italy15_13.jpg","Italy\Italy_Leonesse\Italy_Leonesse_13.jpg","OK_extra"
"イタリア\Italy15_LEONESSE\Italy15_14.jpg","Italy\Italy_Leonesse\Italy_Leonesse_14.jpg","OK_extra"
"イタリア\Italy15_LEONESSE\Italy15_2.jpg","Italy\Italy_Leonesse\Italy_Leonesse_2.jpg","OK_extra"
"イタリア\Italy15_LEONESSE\Italy15_5.jpg","Italy\Italy_Leonesse\Italy_Leonesse_5.jpg","OK_extra"
"イタリア\Italy15_LEONESSE\Italy15_6.jpg","Italy\Italy_Leonesse\Italy_Leonesse_6.jpg","OK_extra"
"イタリア\Italy15_LEONESSE\Italy15_7.jpg","Italy\Italy_Leonesse\Italy_Leonesse_7.jpg","OK_extra"
"イタリア\Italy15_LEONESSE\Italy15_8.jpg","Italy\Italy_Leonesse\Italy_Leonesse_8.jpg","OK_extra"
"イタリア\Italy15_LEONESSE\Italy15_9.jpg","Italy\Italy_Leonesse\Italy_Leonesse_9.jpg","OK_extra"
"イタリア\Italy16_LOTO\Italy16_1.jpg","Italy\Italy_Loto\Italy_Loto_1.jpg","OK_extra"
"イタリア\Italy16_LOTO\Italy16_10.jpg","Italy\Italy_Loto\Italy_Loto_10.jpg","OK_extra"
"イタリア\Italy16_LOTO\Italy16_11.jpg","Italy\Italy_Loto\Italy_Loto_11.jpg","OK_extra"
"イタリア\Italy16_LOTO\Italy16_2.jpg","Italy\Italy_Loto\Italy_Loto_2.jpg","OK_extra"
"イタリア\Italy16_LOTO\Italy16_5.jpg","Italy\Italy_Loto\Italy_Loto_5.jpg","OK_extra"
"イタリア\Italy16_LOTO\Italy16_6.jpg","Italy\Italy_Loto\Italy_Loto_6.jpg","OK_extra"
"イタリア\Italy16_LOTO\Italy16_7.jpg","Italy\Italy_Loto\Italy_Loto_7.jpg","OK_extra"
"イタリア\Italy16_LOTO\Italy16_8.jpg","Italy\Italy_Loto\Italy_Loto_8.jpg","OK_extra"
"イタリア\Italy16_LOTO\Italy16_9.jpg","Italy\Italy_Loto\Italy_Loto_9.jpg","OK_extra"
"イタリア\Italy17_PALLOTTINO_3713\Italy17_1.jpg","Italy\Italy_Pallottino3713\Italy_Pallottino3713_1.jpg","OK_extra"
"イタリア\Italy17_PALLOTTINO_3713\Italy17_10.jpg","Italy\Italy_Pallottino3713\Italy_Pallottino3713_10.jpg","OK_extra"
"イタリア\Italy17_PALLOTTINO_3713\Italy17_2.jpg","Italy\Italy_Pallottino3713\Italy_Pallottino3713_2.jpg","OK_extra"
"イタリア\Italy17_PALLOTTINO_3713\Italy17_5.jpg","Italy\Italy_Pallottino3713\Italy_Pallottino3713_5.jpg","OK_extra"
"イタリア\Italy17_PALLOTTINO_3713\Italy17_6.jpg","Italy\Italy_Pallottino3713\Italy_Pallottino3713_6.jpg","OK_extra"
"イタリア\Italy17_PALLOTTINO_3713\Italy17_7.jpg","Italy\Italy_Pallottino3713\Italy_Pallottino3713_7.jpg","OK_extra"
"イタリア\Italy17_PALLOTTINO_3713\Italy17_8.jpg","Italy\Italy_Pallottino3713\Italy_Pallottino3713_8.jpg","OK_extra"
"イタリア\Italy17_PALLOTTINO_3713\Italy17_9.jpg","Italy\Italy_Pallottino3713\Italy_Pallottino3713_9.jpg","OK_extra"
"イタリア\Italy18_LEOPARDI\Italy18_1.jpg","Italy\Italy_Leopardi\Italy_Leopardi_1.jpg","OK_extra"
"イタリア\Italy18_LEOPARDI\Italy18_10.jpg","Italy\Italy_Leopardi\Italy_Leopardi_10.jpg","OK_extra"
"イタリア\Italy18_LEOPARDI\Italy18_11.jpg","Italy\Italy_Leopardi\Italy_Leopardi_11.jpg","OK_extra"
"イタリア\Italy18_LEOPARDI\Italy18_12.jpg","Italy\Italy_Leopardi\Italy_Leopardi_12.jpg","OK_extra"
"イタリア\Italy18_LEOPARDI\Italy18_13.jpg","Italy\Italy_Leopardi\Italy_Leopardi_13.jpg","OK_extra"
"イタリア\Italy18_LEOPARDI\Italy18_14.jpg","Italy\Italy_Leopardi\Italy_Leopardi_14.jpg","OK_extra"
"イタリア\Italy18_LEOPARDI\Italy18_15.jpg","Italy\Italy_Leopardi\Italy_Leopardi_15.jpg","OK_extra"
"イタリア\Italy18_LEOPARDI\Italy18_2.jpg","Italy\Italy_Leopardi\Italy_Leopardi_2.jpg","OK_extra"
"イタリア\Italy18_LEOPARDI\Italy18_3.jpg","Italy\Italy_Leopardi\Italy_Leopardi_3.jpg","OK_extra"
"イタリア\Italy18_LEOPARDI\Italy18_5.jpg","Italy\Italy_Leopardi\Italy_Leopardi_5.jpg","OK_extra"
"イタリア\Italy18_LEOPARDI\Italy18_6.jpg","Italy\Italy_Leopardi\Italy_Leopardi_6.jpg","OK_extra"
"イタリア\Italy18_LEOPARDI\Italy18_7.jpg","Italy\Italy_Leopardi\Italy_Leopardi_7.jpg","OK_extra"
"イタリア\Italy18_LEOPARDI\Italy18_8.jpg","Italy\Italy_Leopardi\Italy_Leopardi_8.jpg","OK_extra"
"イタリア\Italy18_LEOPARDI\Italy18_9.jpg","Italy\Italy_Leopardi\Italy_Leopardi_9.jpg","OK_extra"
"イタリア\Italy1_CACCIA_E_PESCA\Italy1_1.jpg","Italy\Italy_Caccia_e_Pesca\Italy_Caccia_e_Pesca_1.jpg","OK_extra"
"イタリア\Italy1_CACCIA_E_PESCA\Italy1_10.jpg","Italy\Italy_Caccia_e_Pesca\Italy_Caccia_e_Pesca_10.jpg","OK_extra"
"イタリア\Italy1_CACCIA_E_PESCA\Italy1_11.jpg","Italy\Italy_Caccia_e_Pesca\Italy_Caccia_e_Pesca_11.jpg","OK_extra"
"イタリア\Italy1_CACCIA_E_PESCA\Italy1_12.jpg","Italy\Italy_Caccia_e_Pesca\Italy_Caccia_e_Pesca_12.jpg","OK_extra"
"イタリア\Italy1_CACCIA_E_PESCA\Italy1_13.jpg","Italy\Italy_Caccia_e_Pesca\Italy_Caccia_e_Pesca_13.jpg","OK_extra"
"イタリア\Italy1_CACCIA_E_PESCA\Italy1_2.jpg","Italy\Italy_Caccia_e_Pesca\Italy_Caccia_e_Pesca_2.jpg","OK_extra"
"イタリア\Italy1_CACCIA_E_PESCA\Italy1_3.jpg","Italy\Italy_Caccia_e_Pesca\Italy_Caccia_e_Pesca_3.jpg","OK_extra"
"イタリア\Italy1_CACCIA_E_PESCA\Italy1_5.jpg","Italy\Italy_Caccia_e_Pesca\Italy_Caccia_e_Pesca_5.jpg","OK_extra"
"イタリア\Italy1_CACCIA_E_PESCA\Italy1_6.jpg","Italy\Italy_Caccia_e_Pesca\Italy_Caccia_e_Pesca_6.jpg","OK_extra"
"イタリア\Italy1_CACCIA_E_PESCA\Italy1_7.jpg","Italy\Italy_Caccia_e_Pesca\Italy_Caccia_e_Pesca_7.jpg","OK_extra"
"イタリア\Italy1_CACCIA_E_PESCA\Italy1_8.jpg","Italy\Italy_Caccia_e_Pesca\Italy_Caccia_e_Pesca_8.jpg","OK_extra"
"イタリア\Italy1_CACCIA_E_PESCA\Italy1_9.jpg","Italy\Italy_Caccia_e_Pesca\Italy_Caccia_e_Pesca_9.jpg","OK_extra"
"イタリア\Italy20_GUERRIERO\Italy20_1.JPG","Italy\Italy_Guerriero\Italy_Guerriero_1.jpg","OK_extra"
"イタリア\Italy20_GUERRIERO\Italy20_2.JPG","Italy\Italy_Guerriero\Italy_Guerriero_2.jpg","OK_extra"
"イタリア\Italy21_CRISTOFANI_3242\Italy21_1.jpg","Italy\Italy_Cristofani3242\Italy_Cristofani3242_1.jpg","OK_extra"
"イタリア\Italy21_CRISTOFANI_3242\Italy21_10.jpg","Italy\Italy_Cristofani3242\Italy_Cristofani3242_10.jpg","OK_extra"
"イタリア\Italy21_CRISTOFANI_3242\Italy21_11.jpg","Italy\Italy_Cristofani3242\Italy_Cristofani3242_11.jpg","OK_extra"
"イタリア\Italy21_CRISTOFANI_3242\Italy21_12.jpg","Italy\Italy_Cristofani3242\Italy_Cristofani3242_12.jpg","OK_extra"
"イタリア\Italy21_CRISTOFANI_3242\Italy21_2.jpg","Italy\Italy_Cristofani3242\Italy_Cristofani3242_2.jpg","OK_extra"
"イタリア\Italy21_CRISTOFANI_3242\Italy21_5.jpg","Italy\Italy_Cristofani3242\Italy_Cristofani3242_5.jpg","OK_extra"
"イタリア\Italy21_CRISTOFANI_3242\Italy21_6.jpg","Italy\Italy_Cristofani3242\Italy_Cristofani3242_6.jpg","OK_extra"
"イタリア\Italy21_CRISTOFANI_3242\Italy21_7.jpg","Italy\Italy_Cristofani3242\Italy_Cristofani3242_7.jpg","OK_extra"
"イタリア\Italy21_CRISTOFANI_3242\Italy21_8.jpg","Italy\Italy_Cristofani3242\Italy_Cristofani3242_8.jpg","OK_extra"
"イタリア\Italy21_CRISTOFANI_3242\Italy21_9.jpg","Italy\Italy_Cristofani3242\Italy_Cristofani3242_9.jpg","OK_extra"
"イタリア\Italy22_PULCELLA\Italy22_1.jpg","Italy\Italy_Pulcella\Italy_Pulcella_1.jpg","OK_extra"
"イタリア\Italy22_PULCELLA\Italy22_10.jpg","Italy\Italy_Pulcella\Italy_Pulcella_10.jpg","OK_extra"
"イタリア\Italy22_PULCELLA\Italy22_11.jpg","Italy\Italy_Pulcella\Italy_Pulcella_11.jpg","OK_extra"
"イタリア\Italy22_PULCELLA\Italy22_12.jpg","Italy\Italy_Pulcella\Italy_Pulcella_12.jpg","OK_extra"
"イタリア\Italy22_PULCELLA\Italy22_2.jpg","Italy\Italy_Pulcella\Italy_Pulcella_2.jpg","OK_extra"
"イタリア\Italy22_PULCELLA\Italy22_5.jpg","Italy\Italy_Pulcella\Italy_Pulcella_5.jpg","OK_extra"
"イタリア\Italy22_PULCELLA\Italy22_6.jpg","Italy\Italy_Pulcella\Italy_Pulcella_6.jpg","OK_extra"
"イタリア\Italy22_PULCELLA\Italy22_7.jpg","Italy\Italy_Pulcella\Italy_Pulcella_7.jpg","OK_extra"
"イタリア\Italy22_PULCELLA\Italy22_8.jpg","Italy\Italy_Pulcella\Italy_Pulcella_8.jpg","OK_extra"
"イタリア\Italy22_PULCELLA\Italy22_9.jpg","Italy\Italy_Pulcella\Italy_Pulcella_9.jpg","OK_extra"
"イタリア\Italy2_GIOCOLIERI\Italy2_1.jpg","Italy\Italy_Giocolieri\Italy_Giocolieri_1.jpg","OK_extra"
"イタリア\Italy2_GIOCOLIERI\Italy2_10.jpg","Italy\Italy_Giocolieri\Italy_Giocolieri_10.jpg","OK_extra"
"イタリア\Italy2_GIOCOLIERI\Italy2_11.jpg","Italy\Italy_Giocolieri\Italy_Giocolieri_11.jpg","OK_extra"
"イタリア\Italy2_GIOCOLIERI\Italy2_2.jpg","Italy\Italy_Giocolieri\Italy_Giocolieri_2.jpg","OK_extra"
"イタリア\Italy2_GIOCOLIERI\Italy2_5.jpg","Italy\Italy_Giocolieri\Italy_Giocolieri_5.jpg","OK_extra"
"イタリア\Italy2_GIOCOLIERI\Italy2_6.jpg","Italy\Italy_Giocolieri\Italy_Giocolieri_6.jpg","OK_extra"
"イタリア\Italy2_GIOCOLIERI\Italy2_7.jpg","Italy\Italy_Giocolieri\Italy_Giocolieri_7.jpg","OK_extra"
"イタリア\Italy2_GIOCOLIERI\Italy2_8.jpg","Italy\Italy_Giocolieri\Italy_Giocolieri_8.jpg","OK_extra"
"イタリア\Italy2_GIOCOLIERI\Italy2_9.jpg","Italy\Italy_Giocolieri\Italy_Giocolieri_9.jpg","OK_extra"
"イタリア\Italy31_Rilievi\Italy31_1.jpg","Italy\Italy_Rilievi\Italy_Rilievi_1.jpg","OK_extra"
"イタリア\Italy31_Rilievi\Italy31_10.jpg","Italy\Italy_Rilievi\Italy_Rilievi_10.jpg","OK_extra"
"イタリア\Italy31_Rilievi\Italy31_11.jpg","Italy\Italy_Rilievi\Italy_Rilievi_11.jpg","OK_extra"
"イタリア\Italy31_Rilievi\Italy31_12.jpg","Italy\Italy_Rilievi\Italy_Rilievi_12.jpg","OK_extra"
"イタリア\Italy31_Rilievi\Italy31_13.jpg","Italy\Italy_Rilievi\Italy_Rilievi_13.jpg","OK_extra"
"イタリア\Italy31_Rilievi\Italy31_14.jpg","Italy\Italy_Rilievi\Italy_Rilievi_14.jpg","OK_extra"
"イタリア\Italy31_Rilievi\Italy31_15.jpg","Italy\Italy_Rilievi\Italy_Rilievi_15.jpg","OK_extra"
"イタリア\Italy31_Rilievi\Italy31_16.jpg","Italy\Italy_Rilievi\Italy_Rilievi_16.jpg","OK_extra"
"イタリア\Italy31_Rilievi\Italy31_17.jpg","Italy\Italy_Rilievi\Italy_Rilievi_17.jpg","OK_extra"
"イタリア\Italy31_Rilievi\Italy31_18.jpg","Italy\Italy_Rilievi\Italy_Rilievi_18.jpg","OK_extra"
"イタリア\Italy31_Rilievi\Italy31_19.jpg","Italy\Italy_Rilievi\Italy_Rilievi_19.jpg","OK_extra"
"イタリア\Italy31_Rilievi\Italy31_2.jpg","Italy\Italy_Rilievi\Italy_Rilievi_2.jpg","OK_extra"
"イタリア\Italy31_Rilievi\Italy31_20.jpg","Italy\Italy_Rilievi\Italy_Rilievi_20.jpg","OK_extra"
"イタリア\Italy31_Rilievi\Italy31_21.jpg","Italy\Italy_Rilievi\Italy_Rilievi_21.jpg","OK_extra"
"イタリア\Italy31_Rilievi\Italy31_22.jpg","Italy\Italy_Rilievi\Italy_Rilievi_22.jpg","OK_extra"
"イタリア\Italy31_Rilievi\Italy31_3.jpg","Italy\Italy_Rilievi\Italy_Rilievi_3.jpg","OK_extra"
"イタリア\Italy31_Rilievi\Italy31_5.jpg","Italy\Italy_Rilievi\Italy_Rilievi_5.jpg","OK_extra"
"イタリア\Italy31_Rilievi\Italy31_6.jpg","Italy\Italy_Rilievi\Italy_Rilievi_6.jpg","OK_extra"
"イタリア\Italy31_Rilievi\Italy31_7.jpg","Italy\Italy_Rilievi\Italy_Rilievi_7.jpg","OK_extra"
"イタリア\Italy31_Rilievi\Italy31_8.jpg","Italy\Italy_Rilievi\Italy_Rilievi_8.jpg","OK_extra"
"イタリア\Italy31_Rilievi\Italy31_9.jpg","Italy\Italy_Rilievi\Italy_Rilievi_9.jpg","OK_extra"
"イタリア\Italy32_Mengarelli\Italy32_1.jpg","Italy\Italy_Mengarelli\Italy_Mengarelli_1.jpg","OK_extra"
"イタリア\Italy32_Mengarelli\Italy32_10.jpg","Italy\Italy_Mengarelli\Italy_Mengarelli_10.jpg","OK_extra"
"イタリア\Italy32_Mengarelli\Italy32_11.jpg","Italy\Italy_Mengarelli\Italy_Mengarelli_11.jpg","OK_extra"
"イタリア\Italy32_Mengarelli\Italy32_12.jpg","Italy\Italy_Mengarelli\Italy_Mengarelli_12.jpg","OK_extra"
"イタリア\Italy32_Mengarelli\Italy32_13.jpg","Italy\Italy_Mengarelli\Italy_Mengarelli_13.jpg","OK_extra"
"イタリア\Italy32_Mengarelli\Italy32_14.jpg","Italy\Italy_Mengarelli\Italy_Mengarelli_14.jpg","OK_extra"
"イタリア\Italy32_Mengarelli\Italy32_2.jpg","Italy\Italy_Mengarelli\Italy_Mengarelli_2.jpg","OK_extra"
"イタリア\Italy32_Mengarelli\Italy32_5.jpg","Italy\Italy_Mengarelli\Italy_Mengarelli_5.jpg","OK_extra"
"イタリア\Italy32_Mengarelli\Italy32_6.jpg","Italy\Italy_Mengarelli\Italy_Mengarelli_6.jpg","OK_extra"
"イタリア\Italy32_Mengarelli\Italy32_7.jpg","Italy\Italy_Mengarelli\Italy_Mengarelli_7.jpg","OK_extra"
"イタリア\Italy32_Mengarelli\Italy32_8.jpg","Italy\Italy_Mengarelli\Italy_Mengarelli_8.jpg","OK_extra"
"イタリア\Italy32_Mengarelli\Italy32_9.jpg","Italy\Italy_Mengarelli\Italy_Mengarelli_9.jpg","OK_extra"
"イタリア\Italy33_Capitelli\Italy33_1.jpg","Italy\Italy_Capitelli\Italy_Capitelli_1.jpg","OK_extra"
"イタリア\Italy33_Capitelli\Italy33_10.jpg","Italy\Italy_Capitelli\Italy_Capitelli_10.jpg","OK_extra"
"イタリア\Italy33_Capitelli\Italy33_11.jpg","Italy\Italy_Capitelli\Italy_Capitelli_11.jpg","OK_extra"
"イタリア\Italy33_Capitelli\Italy33_2.jpg","Italy\Italy_Capitelli\Italy_Capitelli_2.jpg","OK_extra"
"イタリア\Italy33_Capitelli\Italy33_5.jpg","Italy\Italy_Capitelli\Italy_Capitelli_5.jpg","OK_extra"
"イタリア\Italy33_Capitelli\Italy33_6.jpg","Italy\Italy_Capitelli\Italy_Capitelli_6.jpg","OK_extra"
"イタリア\Italy33_Capitelli\Italy33_7.jpg","Italy\Italy_Capitelli\Italy_Capitelli_7.jpg","OK_extra"
"イタリア\Italy33_Capitelli\Italy33_8.jpg","Italy\Italy_Capitelli\Italy_Capitelli_8.jpg","OK_extra"
"イタリア\Italy33_Capitelli\Italy33_9.jpg","Italy\Italy_Capitelli\Italy_Capitelli_9.jpg","OK_extra"
"イタリア\Italy34_Maroi\Italy34_1.jpg","Italy\Italy_Maroi\Italy_Maroi_1.jpg","OK_extra"
"イタリア\Italy34_Maroi\Italy34_2.jpg","Italy\Italy_Maroi\Italy_Maroi_2.jpg","OK_extra"
"イタリア\Italy34_Maroi\Italy34_3.jpg","Italy\Italy_Maroi\Italy_Maroi_3.jpg","OK_extra"
"イタリア\Italy34_Maroi\Italy34_5.jpg","Italy\Italy_Maroi\Italy_Maroi_5.jpg","OK_extra"
"イタリア\Italy34_Maroi\Italy34_6.jpg","Italy\Italy_Maroi\Italy_Maroi_6.jpg","OK_extra"
"イタリア\Italy34_Maroi\Italy34_7.jpg","Italy\Italy_Maroi\Italy_Maroi_7.jpg","OK_extra"
"イタリア\Italy34_Maroi\Italy34_8.jpg","Italy\Italy_Maroi\Italy_Maroi_8.jpg","OK_extra"
"イタリア\Italy34_Maroi\Italy34_9.jpg","Italy\Italy_Maroi\Italy_Maroi_9.jpg","OK_extra"
"イタリア\Italy3_CARONTI\Italy3_1.jpg","Italy\Italy_Caronti\Italy_Caronti_1.jpg","OK_extra"
"イタリア\Italy3_CARONTI\Italy3_10.jpg","Italy\Italy_Caronti\Italy_Caronti_10.jpg","OK_extra"
"イタリア\Italy3_CARONTI\Italy3_11.jpg","Italy\Italy_Caronti\Italy_Caronti_11.jpg","OK_extra"
"イタリア\Italy3_CARONTI\Italy3_12.jpg","Italy\Italy_Caronti\Italy_Caronti_12.jpg","OK_extra"
"イタリア\Italy3_CARONTI\Italy3_2.jpg","Italy\Italy_Caronti\Italy_Caronti_2.jpg","OK_extra"
"イタリア\Italy3_CARONTI\Italy3_5.jpg","Italy\Italy_Caronti\Italy_Caronti_5.jpg","OK_extra"
"イタリア\Italy3_CARONTI\Italy3_6.jpg","Italy\Italy_Caronti\Italy_Caronti_6.jpg","OK_extra"
"イタリア\Italy3_CARONTI\Italy3_7.jpg","Italy\Italy_Caronti\Italy_Caronti_7.jpg","OK_extra"
"イタリア\Italy3_CARONTI\Italy3_8.jpg","Italy\Italy_Caronti\Italy_Caronti_8.jpg","OK_extra"
"イタリア\Italy3_CARONTI\Italy3_9.jpg","Italy\Italy_Caronti\Italy_Caronti_9.jpg","OK_extra"
"イタリア\Italy4_5636\Italy4_1.jpg","Italy\Italy_Tomba5636\Italy_Tomba5636_1.jpg","OK_extra"
"イタリア\Italy4_5636\Italy4_10.jpg","Italy\Italy_Tomba5636\Italy_Tomba5636_10.jpg","OK_extra"
"イタリア\Italy4_5636\Italy4_11.jpg","Italy\Italy_Tomba5636\Italy_Tomba5636_11.jpg","OK_extra"
"イタリア\Italy4_5636\Italy4_12.jpg","Italy\Italy_Tomba5636\Italy_Tomba5636_12.jpg","OK_extra"
"イタリア\Italy4_5636\Italy4_2.jpg","Italy\Italy_Tomba5636\Italy_Tomba5636_2.jpg","OK_extra"
"イタリア\Italy4_5636\Italy4_5.jpg","Italy\Italy_Tomba5636\Italy_Tomba5636_5.jpg","OK_extra"
"イタリア\Italy4_5636\Italy4_6.jpg","Italy\Italy_Tomba5636\Italy_Tomba5636_6.jpg","OK_extra"
"イタリア\Italy4_5636\Italy4_7.jpg","Italy\Italy_Tomba5636\Italy_Tomba5636_7.jpg","OK_extra"
"イタリア\Italy4_5636\Italy4_8.jpg","Italy\Italy_Tomba5636\Italy_Tomba5636_8.jpg","OK_extra"
"イタリア\Italy4_5636\Italy4_9.jpg","Italy\Italy_Tomba5636\Italy_Tomba5636_9.jpg","OK_extra"
"イタリア\Italy5_GORGONEION\Italy5_1.jpg","Italy\Italy_Gorgoneion\Italy_Gorgoneion_1.jpg","OK_extra"
"イタリア\Italy5_GORGONEION\Italy5_2.jpg","Italy\Italy_Gorgoneion\Italy_Gorgoneion_2.jpg","OK_extra"
"イタリア\Italy5_GORGONEION\Italy5_5.jpg","Italy\Italy_Gorgoneion\Italy_Gorgoneion_5.jpg","OK_extra"
"イタリア\Italy5_GORGONEION\Italy5_6.jpg","Italy\Italy_Gorgoneion\Italy_Gorgoneion_6.jpg","OK_extra"
"イタリア\Italy5_GORGONEION\Italy5_7.jpg","Italy\Italy_Gorgoneion\Italy_Gorgoneion_7.jpg","OK_extra"
"イタリア\Italy5_GORGONEION\Italy5_8.jpg","Italy\Italy_Gorgoneion\Italy_Gorgoneion_8.jpg","OK_extra"
"イタリア\Italy5_GORGONEION\Italy5_9.jpg","Italy\Italy_Gorgoneion\Italy_Gorgoneion_9.jpg","OK_extra"
"イタリア\Italy6_CARDARELLI\Italy6_1.jpg","Italy\Italy_Cardarelli\Italy_Cardarelli_1.jpg","OK_extra"
"イタリア\Italy6_CARDARELLI\Italy6_10.jpg","Italy\Italy_Cardarelli\Italy_Cardarelli_10.jpg","OK_extra"
"イタリア\Italy6_CARDARELLI\Italy6_2.jpg","Italy\Italy_Cardarelli\Italy_Cardarelli_2.jpg","OK_extra"
"イタリア\Italy6_CARDARELLI\Italy6_5.jpg","Italy\Italy_Cardarelli\Italy_Cardarelli_5.jpg","OK_extra"
"イタリア\Italy6_CARDARELLI\Italy6_6.jpg","Italy\Italy_Cardarelli\Italy_Cardarelli_6.jpg","OK_extra"
"イタリア\Italy6_CARDARELLI\Italy6_7.jpg","Italy\Italy_Cardarelli\Italy_Cardarelli_7.jpg","OK_extra"
"イタリア\Italy6_CARDARELLI\Italy6_8.jpg","Italy\Italy_Cardarelli\Italy_Cardarelli_8.jpg","OK_extra"
"イタリア\Italy6_CARDARELLI\Italy6_9.jpg","Italy\Italy_Cardarelli\Italy_Cardarelli_9.jpg","OK_extra"
"イタリア\Italy7_MORETTI_5591\Italy7_1.jpg","Italy\Italy_Moretti5591\Italy_Moretti5591_1.jpg","OK_extra"
"イタリア\Italy7_MORETTI_5591\Italy7_10.jpg","Italy\Italy_Moretti5591\Italy_Moretti5591_10.jpg","OK_extra"
"イタリア\Italy7_MORETTI_5591\Italy7_11.jpg","Italy\Italy_Moretti5591\Italy_Moretti5591_11.jpg","OK_extra"
"イタリア\Italy7_MORETTI_5591\Italy7_12.JPG","Italy\Italy_Moretti5591\Italy_Moretti5591_12.jpg","OK_extra"
"イタリア\Italy7_MORETTI_5591\Italy7_13.jpg","Italy\Italy_Moretti5591\Italy_Moretti5591_13.jpg","OK_extra"
"イタリア\Italy7_MORETTI_5591\Italy7_2.jpg","Italy\Italy_Moretti5591\Italy_Moretti5591_2.jpg","OK_extra"
"イタリア\Italy7_MORETTI_5591\Italy7_5.jpg","Italy\Italy_Moretti5591\Italy_Moretti5591_5.jpg","OK_extra"
"イタリア\Italy7_MORETTI_5591\Italy7_6.jpg","Italy\Italy_Moretti5591\Italy_Moretti5591_6.jpg","OK_extra"
"イタリア\Italy7_MORETTI_5591\Italy7_7.jpg","Italy\Italy_Moretti5591\Italy_Moretti5591_7.jpg","OK_extra"
"イタリア\Italy7_MORETTI_5591\Italy7_8.jpg","Italy\Italy_Moretti5591\Italy_Moretti5591_8.jpg","OK_extra"
"イタリア\Italy7_MORETTI_5591\Italy7_9.jpg","Italy\Italy_Moretti5591\Italy_Moretti5591_9.jpg","OK_extra"
"イタリア\Italy8_FUSTIGAZIONE\Italy8_1.jpg","Italy\Italy_Fustigazione\Italy_Fustigazione_1.jpg","OK_extra"
"イタリア\Italy8_FUSTIGAZIONE\Italy8_10.jpg","Italy\Italy_Fustigazione\Italy_Fustigazione_10.jpg","OK_extra"
"イタリア\Italy8_FUSTIGAZIONE\Italy8_2.jpg","Italy\Italy_Fustigazione\Italy_Fustigazione_2.jpg","OK_extra"
"イタリア\Italy8_FUSTIGAZIONE\Italy8_5.jpg","Italy\Italy_Fustigazione\Italy_Fustigazione_5.jpg","OK_extra"
"イタリア\Italy8_FUSTIGAZIONE\Italy8_6.jpg","Italy\Italy_Fustigazione\Italy_Fustigazione_6.jpg","OK_extra"
"イタリア\Italy8_FUSTIGAZIONE\Italy8_7.jpg","Italy\Italy_Fustigazione\Italy_Fustigazione_7.jpg","OK_extra"
"イタリア\Italy8_FUSTIGAZIONE\Italy8_8.jpg","Italy\Italy_Fustigazione\Italy_Fustigazione_8.jpg","OK_extra"
"イタリア\Italy8_FUSTIGAZIONE\Italy8_9.jpg","Italy\Italy_Fustigazione\Italy_Fustigazione_9.jpg","OK_extra"
"イタリア\Italy9_FIORELLINI\Italy9_1.jpg","Italy\Italy_Fiorellini\Italy_Fiorellini_1.jpg","OK_extra"
"イタリア\Italy9_FIORELLINI\Italy9_10.jpg","Italy\Italy_Fiorellini\Italy_Fiorellini_10.jpg","OK_extra"
"イタリア\Italy9_FIORELLINI\Italy9_2.jpg","Italy\Italy_Fiorellini\Italy_Fiorellini_2.jpg","OK_extra"
"イタリア\Italy9_FIORELLINI\Italy9_5.jpg","Italy\Italy_Fiorellini\Italy_Fiorellini_5.jpg","OK_extra"
"イタリア\Italy9_FIORELLINI\Italy9_6.jpg","Italy\Italy_Fiorellini\Italy_Fiorellini_6.jpg","OK_extra"
"イタリア\Italy9_FIORELLINI\Italy9_7.jpg","Italy\Italy_Fiorellini\Italy_Fiorellini_7.jpg","OK_extra"
"イタリア\Italy9_FIORELLINI\Italy9_8.jpg","Italy\Italy_Fiorellini\Italy_Fiorellini_8.jpg","OK_extra"
"イタリア\Italy9_FIORELLINI\Italy9_9.jpg","Italy\Italy_Fiorellini\Italy_Fiorellini_9.jpg","OK_extra"
"ブルガリア\Bulgalia1_kazanlak\Bulgalia1_10.JPG","","SKIP_folder_not_in_map"
"ブルガリア\Bulgalia1_kazanlak\Bulgalia1_11.jpg","","SKIP_folder_not_in_map"
"ブルガリア\Bulgalia1_kazanlak\Bulgalia1_12.jpg","","SKIP_folder_not_in_map"
"ブルガリア\Bulgalia1_kazanlak\Bulgalia1_13.JPG","","SKIP_folder_not_in_map"
"ブルガリア\Bulgalia1_kazanlak\Bulgalia1_5.jpg","","SKIP_folder_not_in_map"
"ブルガリア\Bulgalia1_kazanlak\Bulgalia1_6.jpg","","SKIP_folder_not_in_map"
"ブルガリア\Bulgalia1_kazanlak\Bulgalia1_7.jpg","","SKIP_folder_not_in_map"
"ブルガリア\Bulgalia1_kazanlak\Bulgalia1_8.jpg","","SKIP_folder_not_in_map"
"ブルガリア\Bulgalia1_kazanlak\Bulgalia1_9.jpg","","SKIP_folder_not_in_map"
"ブルガリア\Bulgalia2_sveshtari\Bulgalia2_1.JPG","Bulgaria\Bulgaria_Sveshtari\Bulgaria_Sveshtari_1.jpg","OK_extra"
"ブルガリア\Bulgalia2_sveshtari\Bulgalia2_10.JPG","Bulgaria\Bulgaria_Sveshtari\Bulgaria_Sveshtari_10.jpg","OK_extra"
"ブルガリア\Bulgalia2_sveshtari\Bulgalia2_11.JPG","Bulgaria\Bulgaria_Sveshtari\Bulgaria_Sveshtari_11.jpg","OK_extra"
"ブルガリア\Bulgalia2_sveshtari\Bulgalia2_2.JPG","Bulgaria\Bulgaria_Sveshtari\Bulgaria_Sveshtari_2.jpg","OK_extra"
"ブルガリア\Bulgalia2_sveshtari\Bulgalia2_3.jpg","Bulgaria\Bulgaria_Sveshtari\Bulgaria_Sveshtari_3.jpg","OK_extra"
"ブルガリア\Bulgalia2_sveshtari\Bulgalia2_5.jpg","Bulgaria\Bulgaria_Sveshtari\Bulgaria_Sveshtari_5.jpg","OK_ledger"
"ブルガリア\Bulgalia2_sveshtari\Bulgalia2_6.jpg","Bulgaria\Bulgaria_Sveshtari\Bulgaria_Sveshtari_6.jpg","OK_ledger"
"ブルガリア\Bulgalia2_sveshtari\Bulgalia2_7.jpg","Bulgaria\Bulgaria_Sveshtari\Bulgaria_Sveshtari_7.jpg","OK_ledger"
"ブルガリア\Bulgalia2_sveshtari\Bulgalia2_8.JPG","Bulgaria\Bulgaria_Sveshtari\Bulgaria_Sveshtari_8.jpg","OK_ledger"
"ブルガリア\Bulgalia2_sveshtari\Bulgalia2_9.JPG","Bulgaria\Bulgaria_Sveshtari\Bulgaria_Sveshtari_9.jpg","OK_extra"
"中国\china1_五盔墳4号墳\china1_1.JPG","China\China_Wukuifen_No4\China_Wukuifen_No4_1.jpg","OK_extra"
"中国\china1_五盔墳4号墳\china1_10.JPG","China\China_Wukuifen_No4\China_Wukuifen_No4_10.jpg","OK_extra"
"中国\china1_五盔墳4号墳\china1_11.JPG","China\China_Wukuifen_No4\China_Wukuifen_No4_11.jpg","OK_extra"
"中国\china1_五盔墳4号墳\china1_12.jpg","China\China_Wukuifen_No4\China_Wukuifen_No4_12.jpg","OK_extra"
"中国\china1_五盔墳4号墳\china1_13.jpg","China\China_Wukuifen_No4\China_Wukuifen_No4_13.jpg","OK_extra"
"中国\china1_五盔墳4号墳\china1_14.JPG","China\China_Wukuifen_No4\China_Wukuifen_No4_14.jpg","OK_extra"
"中国\china1_五盔墳4号墳\china1_2.JPG","China\China_Wukuifen_No4\China_Wukuifen_No4_2.jpg","OK_extra"
"中国\china1_五盔墳4号墳\china1_3.JPG","China\China_Wukuifen_No4\China_Wukuifen_No4_3.jpg","OK_extra"
"中国\china1_五盔墳4号墳\china1_5.jpg","China\China_Wukuifen_No4\China_Wukuifen_No4_5.jpg","OK_extra"
"中国\china1_五盔墳4号墳\china1_6.jpg","China\China_Wukuifen_No4\China_Wukuifen_No4_6.jpg","OK_extra"
"中国\china1_五盔墳4号墳\china1_7.jpg","China\China_Wukuifen_No4\China_Wukuifen_No4_7.jpg","OK_extra"
"中国\china1_五盔墳4号墳\china1_8.jpg","China\China_Wukuifen_No4\China_Wukuifen_No4_8.jpg","OK_extra"
"中国\china1_五盔墳4号墳\china1_9.JPG","China\China_Wukuifen_No4\China_Wukuifen_No4_9.jpg","OK_extra"
"中国\china2_五盔墳5号墳\china2_1.JPG","China\China_Wukuifen_No5\China_Wukuifen_No5_1.jpg","OK_extra"
"中国\china2_五盔墳5号墳\china2_2.JPG","China\China_Wukuifen_No5\China_Wukuifen_No5_2.jpg","OK_extra"
"中国\china2_五盔墳5号墳\china2_3.JPG","China\China_Wukuifen_No5\China_Wukuifen_No5_3.jpg","OK_extra"
"中国\china2_五盔墳5号墳\china2_5.JPG","China\China_Wukuifen_No5\China_Wukuifen_No5_5.jpg","OK_extra"
"中国\china3_角抵塚\china3_1.jpg","China\China_Jiaodizhong\China_Jiaodizhong_1.jpg","OK_extra"
"中国\china3_角抵塚\china3_2.jpg","China\China_Jiaodizhong\China_Jiaodizhong_2.jpg","OK_extra"
"中国\china3_角抵塚\china3_3.jpg","China\China_Jiaodizhong\China_Jiaodizhong_3.jpg","OK_extra"
"中国\china3_角抵塚\china3_5.jpg","China\China_Jiaodizhong\China_Jiaodizhong_5.jpg","OK_ledger"
"中国\china3_角抵塚\china3_6.jpg","China\China_Jiaodizhong\China_Jiaodizhong_6.jpg","OK_ledger"
"中国\china3_角抵塚\china3_7.jpg","China\China_Jiaodizhong\China_Jiaodizhong_7.jpg","OK_ledger"
"中国\china3_角抵塚\china3_8.jpg","China\China_Jiaodizhong\China_Jiaodizhong_8.jpg","OK_extra"
"中国\china4_舞踊塚\china4_1.jpg","China\China_Wuyongzhong\China_Wuyongzhong_1.jpg","OK_extra"
"中国\china4_舞踊塚\china4_10.jpg","China\China_Wuyongzhong\China_Wuyongzhong_10.jpg","OK_ledger"
"中国\china4_舞踊塚\china4_2.jpg","China\China_Wuyongzhong\China_Wuyongzhong_2.jpg","OK_extra"
"中国\china4_舞踊塚\china4_3.jpg","China\China_Wuyongzhong\China_Wuyongzhong_3.jpg","OK_extra"
"中国\china4_舞踊塚\china4_5.jpg","China\China_Wuyongzhong\China_Wuyongzhong_5.jpg","OK_ledger"
"中国\china4_舞踊塚\china4_6.jpg","China\China_Wuyongzhong\China_Wuyongzhong_6.jpg","OK_ledger"
"中国\china4_舞踊塚\china4_7.jpg","China\China_Wuyongzhong\China_Wuyongzhong_7.jpg","OK_ledger"
"中国\china4_舞踊塚\china4_8.jpg","China\China_Wuyongzhong\China_Wuyongzhong_8.jpg","OK_ledger"
"中国\china4_舞踊塚\china4_9.jpg","China\China_Wuyongzhong\China_Wuyongzhong_9.jpg","OK_ledger"
"中国\china5_長川１号墳\china5_1.jpg","China\China_Changchuan_No1\China_Changchuan_No1_1.jpg","OK_extra"
"中国\china5_長川１号墳\china5_10.jpg","China\China_Changchuan_No1\China_Changchuan_No1_10.jpg","OK_ledger"
"中国\china5_長川１号墳\china5_2.jpg","China\China_Changchuan_No1\China_Changchuan_No1_2.jpg","OK_extra"
"中国\china5_長川１号墳\china5_3.jpg","China\China_Changchuan_No1\China_Changchuan_No1_3.jpg","OK_extra"
"中国\china5_長川１号墳\china5_5.jpg","China\China_Changchuan_No1\China_Changchuan_No1_5.jpg","OK_ledger"
"中国\china5_長川１号墳\china5_6.jpg","China\China_Changchuan_No1\China_Changchuan_No1_6.jpg","OK_ledger"
"中国\china5_長川１号墳\china5_7.jpg","China\China_Changchuan_No1\China_Changchuan_No1_7.jpg","OK_ledger"
"中国\china5_長川１号墳\china5_8.jpg","China\China_Changchuan_No1\China_Changchuan_No1_8.jpg","OK_ledger"
"中国\china5_長川１号墳\china5_9.jpg","China\China_Changchuan_No1\China_Changchuan_No1_9.jpg","OK_ledger"
"佐賀県\佐賀12_古賀山１号墳\41_12_1.jpg","Saga\Saga_Kogayama_No1\Saga_Kogayama_No1_1.jpg","OK_extra"
"佐賀県\佐賀12_古賀山１号墳\41_12_5.jpg","Saga\Saga_Kogayama_No1\Saga_Kogayama_No1_5.jpg","OK_ledger"
"佐賀県\佐賀12_古賀山１号墳\41_12_6.jpg","Saga\Saga_Kogayama_No1\Saga_Kogayama_No1_6.jpg","OK_ledger"
"佐賀県\佐賀12_古賀山１号墳\41_12_7.jpg","Saga\Saga_Kogayama_No1\Saga_Kogayama_No1_7.jpg","OK_ledger"
"佐賀県\佐賀17_天山１号墳\41_17_5.jpg","Saga\Saga_Tenzan_No1\Saga_Tenzan_No1_5.jpg","OK_ledger"
"佐賀県\佐賀17_天山１号墳\41_17_6.jpg","Saga\Saga_Tenzan_No1\Saga_Tenzan_No1_6.jpg","OK_ledger"
"佐賀県\佐賀17_天山１号墳\41_17_7.jpg","Saga\Saga_Tenzan_No1\Saga_Tenzan_No1_7.jpg","OK_ledger"
"佐賀県\佐賀17_天山１号墳\41_17_8.jpg","Saga\Saga_Tenzan_No1\Saga_Tenzan_No1_8.jpg","OK_extra"
"佐賀県\佐賀17_天山１号墳\41_17_9.jpg","Saga\Saga_Tenzan_No1\Saga_Tenzan_No1_9.jpg","OK_ledger"
"佐賀県\佐賀18_永池古墳\41_18_5.jpg","Saga\Saga_Nagaike\Saga_Nagaike_5.jpg","OK_ledger"
"佐賀県\佐賀18_永池古墳\41_18_6.jpg","Saga\Saga_Nagaike\Saga_Nagaike_6.jpg","OK_ledger"
"佐賀県\佐賀18_永池古墳\41_18_7.jpg","Saga\Saga_Nagaike\Saga_Nagaike_7.jpg","OK_ledger"
"佐賀県\佐賀18_永池古墳\41_18_8.jpg","Saga\Saga_Nagaike\Saga_Nagaike_8.jpg","OK_ledger"
"佐賀県\佐賀18_永池古墳\41_18_9.jpg","Saga\Saga_Nagaike\Saga_Nagaike_9.jpg","OK_ledger"
"佐賀県\佐賀1_田代太田古墳\41_1_1.jpg","Saga\Saga_Tashiro_Ota\Saga_Tashiro_Ota_1.jpg","OK_extra"
"佐賀県\佐賀1_田代太田古墳\41_1_10.jpg","Saga\Saga_Tashiro_Ota\Saga_Tashiro_Ota_10.jpg","OK_ledger"
"佐賀県\佐賀1_田代太田古墳\41_1_11.jpg","Saga\Saga_Tashiro_Ota\Saga_Tashiro_Ota_11.jpg","OK_extra"
"佐賀県\佐賀1_田代太田古墳\41_1_12.jpg","Saga\Saga_Tashiro_Ota\Saga_Tashiro_Ota_12.jpg","OK_extra"
"佐賀県\佐賀1_田代太田古墳\41_1_2.jpg","Saga\Saga_Tashiro_Ota\Saga_Tashiro_Ota_2.jpg","OK_extra"
"佐賀県\佐賀1_田代太田古墳\41_1_3.JPG","Saga\Saga_Tashiro_Ota\Saga_Tashiro_Ota_3.jpg","OK_extra"
"佐賀県\佐賀1_田代太田古墳\41_1_5.jpg","Saga\Saga_Tashiro_Ota\Saga_Tashiro_Ota_5.jpg","OK_ledger"
"佐賀県\佐賀1_田代太田古墳\41_1_6.jpg","Saga\Saga_Tashiro_Ota\Saga_Tashiro_Ota_6.jpg","OK_ledger"
"佐賀県\佐賀1_田代太田古墳\41_1_7.jpg","Saga\Saga_Tashiro_Ota\Saga_Tashiro_Ota_7.jpg","OK_ledger"
"佐賀県\佐賀1_田代太田古墳\41_1_8.jpg","Saga\Saga_Tashiro_Ota\Saga_Tashiro_Ota_8.jpg","OK_ledger"
"佐賀県\佐賀1_田代太田古墳\41_1_9.jpg","Saga\Saga_Tashiro_Ota\Saga_Tashiro_Ota_9.jpg","OK_ledger"
"佐賀県\佐賀1_田代太田古墳\太田古墳01.jpg","Saga\Saga_Tashiro_Ota\Saga_Tashiro_Ota_01.jpg","OK_extra"
"佐賀県\佐賀1_田代太田古墳\太田古墳02.jpg","Saga\Saga_Tashiro_Ota\Saga_Tashiro_Ota_02.jpg","OK_extra"
"佐賀県\佐賀1_田代太田古墳\太田古墳03.jpg","Saga\Saga_Tashiro_Ota\Saga_Tashiro_Ota_03.jpg","OK_extra"
"佐賀県\佐賀21_勇猛寺古墳\41_21_5.jpg","Saga\Saga_Imyoji\Saga_Imyoji_5.jpg","OK_ledger"
"佐賀県\佐賀21_勇猛寺古墳\41_21_6.jpg","Saga\Saga_Imyoji\Saga_Imyoji_6.jpg","OK_ledger"
"佐賀県\佐賀21_勇猛寺古墳\41_21_7.jpg","Saga\Saga_Imyoji\Saga_Imyoji_7.jpg","OK_ledger"
"佐賀県\佐賀21_勇猛寺古墳\41_21_8.jpg","Saga\Saga_Imyoji\Saga_Imyoji_8.jpg","OK_ledger"
"佐賀県\佐賀21_勇猛寺古墳\41_22_9.jpg","Saga\Saga_Imyoji\Saga_Imyoji_9.jpg","OK_extra"
"佐賀県\佐賀22_勇猛山古墳\41_22_2.JPG","Saga\Saga_Imyozan\Saga_Imyozan_2.jpg","OK_extra"
"佐賀県\佐賀22_勇猛山古墳\41_22_3.JPG","Saga\Saga_Imyozan\Saga_Imyozan_3.jpg","OK_extra"
"佐賀県\佐賀22_勇猛山古墳\41_22_5.JPG","Saga\Saga_Imyozan\Saga_Imyozan_5.jpg","OK_extra"
"佐賀県\佐賀30_竜王崎6号墳\41_30_5.jpg","Saga\Saga_Ryuozaki_No6\Saga_Ryuozaki_No6_5.jpg","OK_ledger"
"佐賀県\佐賀30_竜王崎6号墳\41_30_6.jpg","Saga\Saga_Ryuozaki_No6\Saga_Ryuozaki_No6_6.jpg","OK_ledger"
"佐賀県\佐賀4_伊勢塚古墳\41_4_1.JPG","Saga\Saga_Isezuka\Saga_Isezuka_1.jpg","OK_extra"
"佐賀県\佐賀4_伊勢塚古墳\41_4_2.JPG","Saga\Saga_Isezuka\Saga_Isezuka_2.jpg","OK_extra"
"佐賀県\佐賀4_伊勢塚古墳\41_4_3.JPG","Saga\Saga_Isezuka\Saga_Isezuka_3.jpg","OK_extra"
"佐賀県\佐賀4_伊勢塚古墳\41_4_4.jpg","Saga\Saga_Isezuka\Saga_Isezuka_4.jpg","OK_extra"
"佐賀県\佐賀4_伊勢塚古墳\41_4_5.jpg","Saga\Saga_Isezuka\Saga_Isezuka_5.jpg","OK_ledger"
"佐賀県\佐賀4_伊勢塚古墳\41_4_6.jpg","Saga\Saga_Isezuka\Saga_Isezuka_6.jpg","OK_ledger"
"佐賀県\佐賀4_伊勢塚古墳\41_4_7.jpg","Saga\Saga_Isezuka\Saga_Isezuka_7.jpg","OK_ledger"
"佐賀県\佐賀4_伊勢塚古墳\41_4_8.jpg","Saga\Saga_Isezuka\Saga_Isezuka_8.jpg","OK_ledger"
"佐賀県\佐賀4_伊勢塚古墳\41_4_9.JPG","Saga\Saga_Isezuka\Saga_Isezuka_9.jpg","OK_ledger"
"佐賀県\佐賀5_西原古墳\41_5_5.jpg","Saga\Saga_Nishibaru\Saga_Nishibaru_5.jpg","OK_ledger"
"佐賀県\佐賀5_西原古墳\41_5_6.jpg","Saga\Saga_Nishibaru\Saga_Nishibaru_6.jpg","OK_ledger"
"佐賀県\佐賀6_西隈古墳\41_6_1.JPG","Saga\Saga_Nishiguma\Saga_Nishiguma_1.jpg","OK_extra"
"佐賀県\佐賀6_西隈古墳\41_6_10.jpg","Saga\Saga_Nishiguma\Saga_Nishiguma_10.jpg","OK_ledger"
"佐賀県\佐賀6_西隈古墳\41_6_11.jpg","Saga\Saga_Nishiguma\Saga_Nishiguma_11.jpg","OK_ledger"
"佐賀県\佐賀6_西隈古墳\41_6_12.jpg","Saga\Saga_Nishiguma\Saga_Nishiguma_12.jpg","OK_ledger"
"佐賀県\佐賀6_西隈古墳\41_6_2.JPG","Saga\Saga_Nishiguma\Saga_Nishiguma_2.jpg","OK_extra"
"佐賀県\佐賀6_西隈古墳\41_6_3.JPG","Saga\Saga_Nishiguma\Saga_Nishiguma_3.jpg","OK_extra"
"佐賀県\佐賀6_西隈古墳\41_6_4.jpg","Saga\Saga_Nishiguma\Saga_Nishiguma_4.jpg","OK_extra"
"佐賀県\佐賀6_西隈古墳\41_6_5.jpg","Saga\Saga_Nishiguma\Saga_Nishiguma_5.jpg","OK_ledger"
"佐賀県\佐賀6_西隈古墳\41_6_6.jpg","Saga\Saga_Nishiguma\Saga_Nishiguma_6.jpg","OK_ledger"
"佐賀県\佐賀6_西隈古墳\41_6_7.jpg","Saga\Saga_Nishiguma\Saga_Nishiguma_7.jpg","OK_ledger"
"佐賀県\佐賀6_西隈古墳\41_6_8.jpg","Saga\Saga_Nishiguma\Saga_Nishiguma_8.jpg","OK_ledger"
"佐賀県\佐賀6_西隈古墳\41_6_9.jpg","Saga\Saga_Nishiguma\Saga_Nishiguma_9.jpg","OK_extra"
"佐賀県\佐賀8_米ノ隈1号墳\41_8_5.jpg","Saga\Saga_Komenokuma_No1\Saga_Komenokuma_No1_5.jpg","OK_ledger"
"佐賀県\佐賀8_米ノ隈1号墳\41_8_6.jpg","Saga\Saga_Komenokuma_No1\Saga_Komenokuma_No1_6.jpg","OK_ledger"
"佐賀県\佐賀8_米ノ隈1号墳\41_8_7.jpg","Saga\Saga_Komenokuma_No1\Saga_Komenokuma_No1_7.jpg","OK_extra"
"佐賀県\佐賀8_米ノ隈1号墳\41_8_8.jpg","Saga\Saga_Komenokuma_No1\Saga_Komenokuma_No1_8.jpg","OK_ledger"
"兵庫県\兵庫3_北神第３地点古墳\28_3_2.JPG","Hyogo\Hyogo_Hokushin_No3\Hyogo_Hokushin_No3_2.jpg","OK_extra"
"兵庫県\兵庫3_北神第３地点古墳\28_3_3.JPG","Hyogo\Hyogo_Hokushin_No3\Hyogo_Hokushin_No3_3.jpg","OK_extra"
"兵庫県\兵庫3_北神第３地点古墳\28_3_5.jpg","Hyogo\Hyogo_Hokushin_No3\Hyogo_Hokushin_No3_5.jpg","OK_ledger"
"兵庫県\兵庫3_北神第３地点古墳\28_3_6.JPG","Hyogo\Hyogo_Hokushin_No3\Hyogo_Hokushin_No3_6.jpg","OK_extra"
"兵庫県\兵庫3_北神第３地点古墳\org\DSC06771.JPG","Hyogo\Hyogo_Hokushin_No3\Hyogo_Hokushin_No3_06771.jpg","OK_extra"
"兵庫県\兵庫3_北神第３地点古墳\org\DSC06772.JPG","Hyogo\Hyogo_Hokushin_No3\Hyogo_Hokushin_No3_06772.jpg","OK_extra"
"兵庫県\兵庫3_北神第３地点古墳\org\DSC06773.JPG","Hyogo\Hyogo_Hokushin_No3\Hyogo_Hokushin_No3_06773.jpg","OK_extra"
"兵庫県\兵庫3_北神第３地点古墳\org\DSC06774.JPG","Hyogo\Hyogo_Hokushin_No3\Hyogo_Hokushin_No3_06774.jpg","OK_extra"
"兵庫県\兵庫3_北神第３地点古墳\org\DSC06775.JPG","Hyogo\Hyogo_Hokushin_No3\Hyogo_Hokushin_No3_06775.jpg","OK_extra"
"兵庫県\兵庫3_北神第３地点古墳\org\DSC06776.JPG","Hyogo\Hyogo_Hokushin_No3\Hyogo_Hokushin_No3_06776.jpg","OK_extra"
"兵庫県\兵庫3_北神第３地点古墳\org\DSC06777.JPG","Hyogo\Hyogo_Hokushin_No3\Hyogo_Hokushin_No3_06777.jpg","OK_extra"
"兵庫県\兵庫3_北神第３地点古墳\org\DSC06778.JPG","Hyogo\Hyogo_Hokushin_No3\Hyogo_Hokushin_No3_06778.jpg","OK_extra"
"兵庫県\兵庫3_北神第３地点古墳\org\DSC06779.JPG","Hyogo\Hyogo_Hokushin_No3\Hyogo_Hokushin_No3_06779.jpg","OK_extra"
"兵庫県\兵庫3_北神第３地点古墳\org\DSC06780.JPG","Hyogo\Hyogo_Hokushin_No3\Hyogo_Hokushin_No3_06780.jpg","OK_extra"
"兵庫県\兵庫5_中垣内群集墳出土石棺\28_5_1.JPG","Hyogo\Hyogo_Nakagaito_Sarcophagus\Hyogo_Nakagaito_Sarcophagus_1.jpg","OK_extra"
"兵庫県\兵庫5_中垣内群集墳出土石棺\28_5_2.JPG","Hyogo\Hyogo_Nakagaito_Sarcophagus\Hyogo_Nakagaito_Sarcophagus_2.jpg","OK_ledger"
"兵庫県\兵庫5_中垣内群集墳出土石棺\28_5_3.JPG","Hyogo\Hyogo_Nakagaito_Sarcophagus\Hyogo_Nakagaito_Sarcophagus_3.jpg","OK_extra"
"兵庫県\兵庫5_中垣内群集墳出土石棺\28_5_5.JPG","Hyogo\Hyogo_Nakagaito_Sarcophagus\Hyogo_Nakagaito_Sarcophagus_5.jpg","OK_ledger"
"兵庫県\兵庫5_中垣内群集墳出土石棺\28_5_6.JPG","Hyogo\Hyogo_Nakagaito_Sarcophagus\Hyogo_Nakagaito_Sarcophagus_6.jpg","OK_ledger"
"兵庫県\兵庫5_中垣内群集墳出土石棺\28_5_7.JPG","Hyogo\Hyogo_Nakagaito_Sarcophagus\Hyogo_Nakagaito_Sarcophagus_7.jpg","OK_extra"
"兵庫県\兵庫5_中垣内群集墳出土石棺\28_5_8.JPG","Hyogo\Hyogo_Nakagaito_Sarcophagus\Hyogo_Nakagaito_Sarcophagus_8.jpg","OK_extra"
"兵庫県\兵庫7_三ノ谷古墳\28_7_1.JPG","Hyogo\Hyogo_Sannotani\Hyogo_Sannotani_1.jpg","OK_extra"
"兵庫県\兵庫7_三ノ谷古墳\28_7_2.JPG","Hyogo\Hyogo_Sannotani\Hyogo_Sannotani_2.jpg","OK_extra"
"兵庫県\兵庫7_三ノ谷古墳\28_7_3.JPG","Hyogo\Hyogo_Sannotani\Hyogo_Sannotani_3.jpg","OK_extra"
"北朝鮮\DPR_Korea_江西大墓\DPRKorea1_1.jpg","DPRKorea\DPRKorea_Gangseo_Daemyo\DPRKorea_Gangseo_Daemyo_1.jpg","OK_extra"
"北朝鮮\DPR_Korea_江西大墓\DPRKorea1_10.jpg","DPRKorea\DPRKorea_Gangseo_Daemyo\DPRKorea_Gangseo_Daemyo_10.jpg","OK_ledger"
"北朝鮮\DPR_Korea_江西大墓\DPRKorea1_11.jpg","DPRKorea\DPRKorea_Gangseo_Daemyo\DPRKorea_Gangseo_Daemyo_11.jpg","OK_extra"
"北朝鮮\DPR_Korea_江西大墓\DPRKorea1_2.jpg","DPRKorea\DPRKorea_Gangseo_Daemyo\DPRKorea_Gangseo_Daemyo_2.jpg","OK_extra"
"北朝鮮\DPR_Korea_江西大墓\DPRKorea1_5.jpg","DPRKorea\DPRKorea_Gangseo_Daemyo\DPRKorea_Gangseo_Daemyo_5.jpg","OK_ledger"
"北朝鮮\DPR_Korea_江西大墓\DPRKorea1_6.jpg","DPRKorea\DPRKorea_Gangseo_Daemyo\DPRKorea_Gangseo_Daemyo_6.jpg","OK_ledger"
"北朝鮮\DPR_Korea_江西大墓\DPRKorea1_7.jpg","DPRKorea\DPRKorea_Gangseo_Daemyo\DPRKorea_Gangseo_Daemyo_7.jpg","OK_ledger"
"北朝鮮\DPR_Korea_江西大墓\DPRKorea1_8.jpg","DPRKorea\DPRKorea_Gangseo_Daemyo\DPRKorea_Gangseo_Daemyo_8.jpg","OK_ledger"
"北朝鮮\DPR_Korea_江西大墓\DPRKorea1_9.jpg","DPRKorea\DPRKorea_Gangseo_Daemyo\DPRKorea_Gangseo_Daemyo_9.jpg","OK_ledger"
"千葉県\千葉54_鴇谷東部横穴墓群\12_54_2.JPG","Chiba\Chiba_Touya_Tobu\Chiba_Touya_Tobu_2.jpg","OK_extra"
"千葉県\千葉54_鴇谷東部横穴墓群\12_54_3.JPG","Chiba\Chiba_Touya_Tobu\Chiba_Touya_Tobu_3.jpg","OK_extra"
"千葉県\千葉54_鴇谷東部横穴墓群\12_54_5.JPG","Chiba\Chiba_Touya_Tobu\Chiba_Touya_Tobu_5.jpg","OK_ledger"
"千葉県\千葉54_鴇谷東部横穴墓群\12_54_6.JPG","Chiba\Chiba_Touya_Tobu\Chiba_Touya_Tobu_6.jpg","OK_ledger"
"千葉県\千葉54_鴇谷東部横穴墓群\12_54_7.JPG","Chiba\Chiba_Touya_Tobu\Chiba_Touya_Tobu_7.jpg","OK_extra"
"千葉県\千葉79_大満横穴墓群\12_79_1.JPG","Chiba\Chiba_Daiman\Chiba_Daiman_1.jpg","OK_extra"
"千葉県\千葉79_大満横穴墓群\12_79_2.JPG","Chiba\Chiba_Daiman\Chiba_Daiman_2.jpg","OK_extra"
"千葉県\千葉79_大満横穴墓群\12_79_3.JPG","Chiba\Chiba_Daiman\Chiba_Daiman_3.jpg","OK_extra"
"千葉県\千葉79_大満横穴墓群\12_79_5.JPG","Chiba\Chiba_Daiman\Chiba_Daiman_5.jpg","OK_extra"
"千葉県\千葉81_長柄横穴墓群\12_81_1.JPG","Chiba\Chiba_Nagara\Chiba_Nagara_1.jpg","OK_extra"
"千葉県\千葉81_長柄横穴墓群\12_81_2.JPG","Chiba\Chiba_Nagara\Chiba_Nagara_2.jpg","OK_extra"
"千葉県\千葉81_長柄横穴墓群\12_81_3.JPG","Chiba\Chiba_Nagara\Chiba_Nagara_3.jpg","OK_extra"
"千葉県\千葉81_長柄横穴墓群\12_81_5.JPG","Chiba\Chiba_Nagara\Chiba_Nagara_5.jpg","OK_extra"
"千葉県\千葉81_長柄横穴墓群\12_81_6.JPG","Chiba\Chiba_Nagara\Chiba_Nagara_6.jpg","OK_extra"
"千葉県\千葉81_長柄横穴墓群\12_81_7.JPG","Chiba\Chiba_Nagara\Chiba_Nagara_7.jpg","OK_extra"
"千葉県\千葉81_長柄横穴墓群\12_81_8.JPG","Chiba\Chiba_Nagara\Chiba_Nagara_8.jpg","OK_extra"
"和歌山県\和歌山1_寺山15号墳\30_1_2.JPG","Wakayama\Wakayama_Terayama_No15\Wakayama_Terayama_No15_2.jpg","OK_extra"
"和歌山県\和歌山1_寺山15号墳\30_1_3.JPG","Wakayama\Wakayama_Terayama_No15\Wakayama_Terayama_No15_3.jpg","OK_extra"
"和歌山県\和歌山1_寺山15号墳\30_1_5.JPG","Wakayama\Wakayama_Terayama_No15\Wakayama_Terayama_No15_5.jpg","OK_ledger"
"和歌山県\和歌山1_寺山15号墳\30_1_6.JPG","Wakayama\Wakayama_Terayama_No15\Wakayama_Terayama_No15_6.jpg","OK_extra"
"埼玉県\埼玉1_地蔵塚古墳\11_1_1.JPG","Saitama\Saitama_Jizozuka\Saitama_Jizozuka_1.jpg","OK_extra"
"埼玉県\埼玉1_地蔵塚古墳\11_1_2.JPG","Saitama\Saitama_Jizozuka\Saitama_Jizozuka_2.jpg","OK_extra"
"埼玉県\埼玉1_地蔵塚古墳\11_1_3.JPG","Saitama\Saitama_Jizozuka\Saitama_Jizozuka_3.jpg","OK_extra"
"埼玉県\埼玉1_地蔵塚古墳\11_1_5.JPG","Saitama\Saitama_Jizozuka\Saitama_Jizozuka_5.jpg","OK_extra"
"埼玉県\埼玉1_地蔵塚古墳\11_1_6.JPG","Saitama\Saitama_Jizozuka\Saitama_Jizozuka_6.jpg","OK_extra"
"埼玉県\埼玉1_地蔵塚古墳\11_1_7.jpg","Saitama\Saitama_Jizozuka\Saitama_Jizozuka_7.jpg","OK_extra"
"大分県\大分10_穴瀬横穴墓群\44_10_1.JPG","Oita\Oita_Ananse\Oita_Ananse_1.jpg","OK_extra"
"大分県\大分10_穴瀬横穴墓群\44_10_10.JPG","Oita\Oita_Ananse\Oita_Ananse_10.jpg","OK_extra"
"大分県\大分10_穴瀬横穴墓群\44_10_2.jpg","Oita\Oita_Ananse\Oita_Ananse_2.jpg","OK_extra"
"大分県\大分10_穴瀬横穴墓群\44_10_3.JPG","Oita\Oita_Ananse\Oita_Ananse_3.jpg","OK_extra"
"大分県\大分10_穴瀬横穴墓群\44_10_5.jpg","Oita\Oita_Ananse\Oita_Ananse_5.jpg","OK_ledger"
"大分県\大分10_穴瀬横穴墓群\44_10_6.jpg","Oita\Oita_Ananse\Oita_Ananse_6.jpg","OK_ledger"
"大分県\大分10_穴瀬横穴墓群\44_10_7.jpg","Oita\Oita_Ananse\Oita_Ananse_7.jpg","OK_ledger"
"大分県\大分10_穴瀬横穴墓群\44_10_8.jpg","Oita\Oita_Ananse\Oita_Ananse_8.jpg","OK_extra"
"大分県\大分10_穴瀬横穴墓群\44_10_9.jpg","Oita\Oita_Ananse\Oita_Ananse_9.jpg","OK_extra"
"大分県\大分11_鬼ヶ城古墳\44_11_10.JPG","Oita\Oita_Onigajo\Oita_Onigajo_10.jpg","OK_extra"
"大分県\大分11_鬼ヶ城古墳\44_11_2.jpg","Oita\Oita_Onigajo\Oita_Onigajo_2.jpg","OK_extra"
"大分県\大分11_鬼ヶ城古墳\44_11_3.JPG","Oita\Oita_Onigajo\Oita_Onigajo_3.jpg","OK_extra"
"大分県\大分11_鬼ヶ城古墳\44_11_5.jpg","Oita\Oita_Onigajo\Oita_Onigajo_5.jpg","OK_ledger"
"大分県\大分11_鬼ヶ城古墳\44_11_6.jpg","Oita\Oita_Onigajo\Oita_Onigajo_6.jpg","OK_ledger"
"大分県\大分11_鬼ヶ城古墳\44_11_7.jpg","Oita\Oita_Onigajo\Oita_Onigajo_7.jpg","OK_ledger"
"大分県\大分11_鬼ヶ城古墳\44_11_8.jpg","Oita\Oita_Onigajo\Oita_Onigajo_8.jpg","OK_ledger"
"大分県\大分11_鬼ヶ城古墳\44_11_9.JPG","Oita\Oita_Onigajo\Oita_Onigajo_9.jpg","OK_extra"
"大分県\大分12_鬼の岩屋1号墳\44_12_5.jpg","Oita\Oita_Oninoiwaya_No1\Oita_Oninoiwaya_No1_5.jpg","OK_ledger"
"大分県\大分12_鬼の岩屋1号墳\44_12_6.jpg","Oita\Oita_Oninoiwaya_No1\Oita_Oninoiwaya_No1_6.jpg","OK_ledger"
"大分県\大分12_鬼の岩屋1号墳\44_12_7.jpg","Oita\Oita_Oninoiwaya_No1\Oita_Oninoiwaya_No1_7.jpg","OK_ledger"
"大分県\大分13_鬼の岩屋2号墳\44_13_1.jpg","Oita\Oita_Oninoiwaya_No2\Oita_Oninoiwaya_No2_1.jpg","OK_extra"
"大分県\大分13_鬼の岩屋2号墳\44_13_2.JPG","Oita\Oita_Oninoiwaya_No2\Oita_Oninoiwaya_No2_2.jpg","OK_extra"
"大分県\大分13_鬼の岩屋2号墳\44_13_3.JPG","Oita\Oita_Oninoiwaya_No2\Oita_Oninoiwaya_No2_3.jpg","OK_extra"
"大分県\大分13_鬼の岩屋2号墳\44_13_5.jpg","Oita\Oita_Oninoiwaya_No2\Oita_Oninoiwaya_No2_5.jpg","OK_ledger"
"大分県\大分13_鬼の岩屋2号墳\44_13_6.jpg","Oita\Oita_Oninoiwaya_No2\Oita_Oninoiwaya_No2_6.jpg","OK_ledger"
"大分県\大分14_千代丸古墳\44_14_1.jpg","Oita\Oita_Chiyomaru\Oita_Chiyomaru_1.jpg","OK_extra"
"大分県\大分14_千代丸古墳\44_14_10.jpg","Oita\Oita_Chiyomaru\Oita_Chiyomaru_10.jpg","OK_ledger"
"大分県\大分14_千代丸古墳\44_14_11.JPG","Oita\Oita_Chiyomaru\Oita_Chiyomaru_11.jpg","OK_extra"
"大分県\大分14_千代丸古墳\44_14_12.JPG","Oita\Oita_Chiyomaru\Oita_Chiyomaru_12.jpg","OK_ledger"
"大分県\大分14_千代丸古墳\44_14_13.JPG","Oita\Oita_Chiyomaru\Oita_Chiyomaru_13.jpg","OK_ledger"
"大分県\大分14_千代丸古墳\44_14_14.JPG","Oita\Oita_Chiyomaru\Oita_Chiyomaru_14.jpg","OK_extra"
"大分県\大分14_千代丸古墳\44_14_2.JPG","Oita\Oita_Chiyomaru\Oita_Chiyomaru_2.jpg","OK_extra"
"大分県\大分14_千代丸古墳\44_14_3.JPG","Oita\Oita_Chiyomaru\Oita_Chiyomaru_3.jpg","OK_extra"
"大分県\大分14_千代丸古墳\44_14_5.jpg","Oita\Oita_Chiyomaru\Oita_Chiyomaru_5.jpg","OK_ledger"
"大分県\大分14_千代丸古墳\44_14_6.jpg","Oita\Oita_Chiyomaru\Oita_Chiyomaru_6.jpg","OK_ledger"
"大分県\大分14_千代丸古墳\44_14_7.jpg","Oita\Oita_Chiyomaru\Oita_Chiyomaru_7.jpg","OK_ledger"
"大分県\大分14_千代丸古墳\44_14_8.JPG","Oita\Oita_Chiyomaru\Oita_Chiyomaru_8.jpg","OK_ledger"
"大分県\大分14_千代丸古墳\44_14_9.jpg","Oita\Oita_Chiyomaru\Oita_Chiyomaru_9.jpg","OK_ledger"
"大分県\大分15_伊美鬼塚古墳\44_15_1.jpg","Oita\Oita_Imi_Onizuka\Oita_Imi_Onizuka_1.jpg","OK_extra"
"大分県\大分15_伊美鬼塚古墳\44_15_10.jpg","Oita\Oita_Imi_Onizuka\Oita_Imi_Onizuka_10.jpg","OK_ledger"
"大分県\大分15_伊美鬼塚古墳\44_15_11.JPG","Oita\Oita_Imi_Onizuka\Oita_Imi_Onizuka_11.jpg","OK_extra"
"大分県\大分15_伊美鬼塚古墳\44_15_2.JPG","Oita\Oita_Imi_Onizuka\Oita_Imi_Onizuka_2.jpg","OK_extra"
"大分県\大分15_伊美鬼塚古墳\44_15_3.JPG","Oita\Oita_Imi_Onizuka\Oita_Imi_Onizuka_3.jpg","OK_extra"
"大分県\大分15_伊美鬼塚古墳\44_15_5.jpg","Oita\Oita_Imi_Onizuka\Oita_Imi_Onizuka_5.jpg","OK_ledger"
"大分県\大分15_伊美鬼塚古墳\44_15_6.jpg","Oita\Oita_Imi_Onizuka\Oita_Imi_Onizuka_6.jpg","OK_ledger"
"大分県\大分15_伊美鬼塚古墳\44_15_7.jpg","Oita\Oita_Imi_Onizuka\Oita_Imi_Onizuka_7.jpg","OK_ledger"
"大分県\大分15_伊美鬼塚古墳\44_15_8.jpg","Oita\Oita_Imi_Onizuka\Oita_Imi_Onizuka_8.jpg","OK_ledger"
"大分県\大分15_伊美鬼塚古墳\44_15_9.jpg","Oita\Oita_Imi_Onizuka\Oita_Imi_Onizuka_9.jpg","OK_ledger"
"大分県\大分16_四日市横穴墓群\44_16_1.JPG","Oita\Oita_Yokkaichi\Oita_Yokkaichi_1.jpg","OK_extra"
"大分県\大分16_四日市横穴墓群\44_16_10.JPG","Oita\Oita_Yokkaichi\Oita_Yokkaichi_10.jpg","OK_ledger"
"大分県\大分16_四日市横穴墓群\44_16_11.JPG","Oita\Oita_Yokkaichi\Oita_Yokkaichi_11.jpg","OK_extra"
"大分県\大分16_四日市横穴墓群\44_16_12.JPG","Oita\Oita_Yokkaichi\Oita_Yokkaichi_12.jpg","OK_extra"
"大分県\大分16_四日市横穴墓群\44_16_13.jpg","Oita\Oita_Yokkaichi\Oita_Yokkaichi_13.jpg","OK_extra"
"大分県\大分16_四日市横穴墓群\44_16_2.JPG","Oita\Oita_Yokkaichi\Oita_Yokkaichi_2.jpg","OK_extra"
"大分県\大分16_四日市横穴墓群\44_16_3.JPG","Oita\Oita_Yokkaichi\Oita_Yokkaichi_3.jpg","OK_extra"
"大分県\大分16_四日市横穴墓群\44_16_4.jpg","Oita\Oita_Yokkaichi\Oita_Yokkaichi_4.jpg","OK_extra"
"大分県\大分16_四日市横穴墓群\44_16_5.jpg","Oita\Oita_Yokkaichi\Oita_Yokkaichi_5.jpg","OK_ledger"
"大分県\大分16_四日市横穴墓群\44_16_6.jpg","Oita\Oita_Yokkaichi\Oita_Yokkaichi_6.jpg","OK_ledger"
"大分県\大分16_四日市横穴墓群\44_16_7.jpg","Oita\Oita_Yokkaichi\Oita_Yokkaichi_7.jpg","OK_ledger"
"大分県\大分16_四日市横穴墓群\44_16_8.jpg","Oita\Oita_Yokkaichi\Oita_Yokkaichi_8.jpg","OK_ledger"
"大分県\大分16_四日市横穴墓群\44_16_9.JPG","Oita\Oita_Yokkaichi\Oita_Yokkaichi_9.jpg","OK_ledger"
"大分県\大分17_貴船平下の裏山横穴墓群\44_17_2.jpg","Oita\Oita_Kifunebirashita_nourayama\Oita_Kifunebirashita_nourayama_2.jpg","OK_extra"
"大分県\大分17_貴船平下の裏山横穴墓群\44_17_5.jpg","Oita\Oita_Kifunebirashita_nourayama\Oita_Kifunebirashita_nourayama_5.jpg","OK_ledger"
"大分県\大分17_貴船平下の裏山横穴墓群\44_17_6.jpg","Oita\Oita_Kifunebirashita_nourayama\Oita_Kifunebirashita_nourayama_6.jpg","OK_ledger"
"大分県\大分17_貴船平下の裏山横穴墓群\44_17_7.jpg","Oita\Oita_Kifunebirashita_nourayama\Oita_Kifunebirashita_nourayama_7.jpg","OK_ledger"
"大分県\大分17_貴船平下の裏山横穴墓群\44_17_8.jpg","Oita\Oita_Kifunebirashita_nourayama\Oita_Kifunebirashita_nourayama_8.jpg","OK_ledger"
"大分県\大分17_貴船平下の裏山横穴墓群\44_17_9.jpg","Oita\Oita_Kifunebirashita_nourayama\Oita_Kifunebirashita_nourayama_9.jpg","OK_extra"
"大分県\大分1_日田穴観音古墳\44_1_1.JPG","Oita\Oita_Hita_Anakannon\Oita_Hita_Anakannon_1.jpg","OK_extra"
"大分県\大分1_日田穴観音古墳\44_1_10.jpg","Oita\Oita_Hita_Anakannon\Oita_Hita_Anakannon_10.jpg","OK_ledger"
"大分県\大分1_日田穴観音古墳\44_1_11.jpg","Oita\Oita_Hita_Anakannon\Oita_Hita_Anakannon_11.jpg","OK_ledger"
"大分県\大分1_日田穴観音古墳\44_1_12.jpg","Oita\Oita_Hita_Anakannon\Oita_Hita_Anakannon_12.jpg","OK_ledger"
"大分県\大分1_日田穴観音古墳\44_1_13.jpg","Oita\Oita_Hita_Anakannon\Oita_Hita_Anakannon_13.jpg","OK_ledger"
"大分県\大分1_日田穴観音古墳\44_1_2.JPG","Oita\Oita_Hita_Anakannon\Oita_Hita_Anakannon_2.jpg","OK_extra"
"大分県\大分1_日田穴観音古墳\44_1_3.JPG","Oita\Oita_Hita_Anakannon\Oita_Hita_Anakannon_3.jpg","OK_extra"
"大分県\大分1_日田穴観音古墳\44_1_5.jpg","Oita\Oita_Hita_Anakannon\Oita_Hita_Anakannon_5.jpg","OK_ledger"
"大分県\大分1_日田穴観音古墳\44_1_6.jpg","Oita\Oita_Hita_Anakannon\Oita_Hita_Anakannon_6.jpg","OK_ledger"
"大分県\大分1_日田穴観音古墳\44_1_7.jpg","Oita\Oita_Hita_Anakannon\Oita_Hita_Anakannon_7.jpg","OK_ledger"
"大分県\大分1_日田穴観音古墳\44_1_8.jpg","Oita\Oita_Hita_Anakannon\Oita_Hita_Anakannon_8.jpg","OK_ledger"
"大分県\大分1_日田穴観音古墳\44_1_9.jpg","Oita\Oita_Hita_Anakannon\Oita_Hita_Anakannon_9.jpg","OK_ledger"
"大分県\大分2_法恩寺3号墳\44_2_10.jpg","Oita\Oita_Hoonji_No3\Oita_Hoonji_No3_10.jpg","OK_ledger"
"大分県\大分2_法恩寺3号墳\44_2_11.jpg","Oita\Oita_Hoonji_No3\Oita_Hoonji_No3_11.jpg","OK_ledger"
"大分県\大分2_法恩寺3号墳\44_2_12.jpg","Oita\Oita_Hoonji_No3\Oita_Hoonji_No3_12.jpg","OK_ledger"
"大分県\大分2_法恩寺3号墳\44_2_13.jpg","Oita\Oita_Hoonji_No3\Oita_Hoonji_No3_13.jpg","OK_ledger"
"大分県\大分2_法恩寺3号墳\44_2_14.JPG","Oita\Oita_Hoonji_No3\Oita_Hoonji_No3_14.jpg","OK_extra"
"大分県\大分2_法恩寺3号墳\44_2_2.JPG","Oita\Oita_Hoonji_No3\Oita_Hoonji_No3_2.jpg","OK_extra"
"大分県\大分2_法恩寺3号墳\44_2_3.JPG","Oita\Oita_Hoonji_No3\Oita_Hoonji_No3_3.jpg","OK_extra"
"大分県\大分2_法恩寺3号墳\44_2_5.jpg","Oita\Oita_Hoonji_No3\Oita_Hoonji_No3_5.jpg","OK_ledger"
"大分県\大分2_法恩寺3号墳\44_2_6.jpg","Oita\Oita_Hoonji_No3\Oita_Hoonji_No3_6.jpg","OK_ledger"
"大分県\大分2_法恩寺3号墳\44_2_7.jpg","Oita\Oita_Hoonji_No3\Oita_Hoonji_No3_7.jpg","OK_ledger"
"大分県\大分2_法恩寺3号墳\44_2_8.jpg","Oita\Oita_Hoonji_No3\Oita_Hoonji_No3_8.jpg","OK_ledger"
"大分県\大分2_法恩寺3号墳\44_2_9.jpg","Oita\Oita_Hoonji_No3\Oita_Hoonji_No3_9.jpg","OK_ledger"
"大分県\大分3_ガランドヤ1号墳\44_3_1.JPG","Oita\Oita_Garandoya_No1\Oita_Garandoya_No1_1.jpg","OK_extra"
"大分県\大分3_ガランドヤ1号墳\44_3_10.jpg","Oita\Oita_Garandoya_No1\Oita_Garandoya_No1_10.jpg","OK_ledger"
"大分県\大分3_ガランドヤ1号墳\44_3_2.JPG","Oita\Oita_Garandoya_No1\Oita_Garandoya_No1_2.jpg","OK_extra"
"大分県\大分3_ガランドヤ1号墳\44_3_3.JPG","Oita\Oita_Garandoya_No1\Oita_Garandoya_No1_3.jpg","OK_extra"
"大分県\大分3_ガランドヤ1号墳\44_3_5.jpg","Oita\Oita_Garandoya_No1\Oita_Garandoya_No1_5.jpg","OK_ledger"
"大分県\大分3_ガランドヤ1号墳\44_3_6.jpg","Oita\Oita_Garandoya_No1\Oita_Garandoya_No1_6.jpg","OK_ledger"
"大分県\大分3_ガランドヤ1号墳\44_3_7.jpg","Oita\Oita_Garandoya_No1\Oita_Garandoya_No1_7.jpg","OK_ledger"
"大分県\大分3_ガランドヤ1号墳\44_3_8.jpg","Oita\Oita_Garandoya_No1\Oita_Garandoya_No1_8.jpg","OK_ledger"
"大分県\大分3_ガランドヤ1号墳\44_3_9.jpg","Oita\Oita_Garandoya_No1\Oita_Garandoya_No1_9.jpg","OK_ledger"
"大分県\大分4_ガランドヤ2号墳\44_4_1.JPG","Oita\Oita_Garandoya_No2\Oita_Garandoya_No2_1.jpg","OK_extra"
"大分県\大分4_ガランドヤ2号墳\44_4_2.JPG","Oita\Oita_Garandoya_No2\Oita_Garandoya_No2_2.jpg","OK_extra"
"大分県\大分4_ガランドヤ2号墳\44_4_3.JPG","Oita\Oita_Garandoya_No2\Oita_Garandoya_No2_3.jpg","OK_extra"
"大分県\大分4_ガランドヤ2号墳\44_4_5.jpg","Oita\Oita_Garandoya_No2\Oita_Garandoya_No2_5.jpg","OK_ledger"
"大分県\大分4_ガランドヤ2号墳\44_4_6.jpg","Oita\Oita_Garandoya_No2\Oita_Garandoya_No2_6.jpg","OK_ledger"
"大分県\大分5_鬼塚古墳\44_5_1.JPG","Oita\Oita_Onizuka\Oita_Onizuka_1.jpg","OK_extra"
"大分県\大分5_鬼塚古墳\44_5_10.jpg","Oita\Oita_Onizuka\Oita_Onizuka_10.jpg","OK_ledger"
"大分県\大分5_鬼塚古墳\44_5_11.jpg","Oita\Oita_Onizuka\Oita_Onizuka_11.jpg","OK_ledger"
"大分県\大分5_鬼塚古墳\44_5_12.jpg","Oita\Oita_Onizuka\Oita_Onizuka_12.jpg","OK_ledger"
"大分県\大分5_鬼塚古墳\44_5_13.jpg","Oita\Oita_Onizuka\Oita_Onizuka_13.jpg","OK_ledger"
"大分県\大分5_鬼塚古墳\44_5_14.JPG","Oita\Oita_Onizuka\Oita_Onizuka_14.jpg","OK_ledger"
"大分県\大分5_鬼塚古墳\44_5_2.JPG","Oita\Oita_Onizuka\Oita_Onizuka_2.jpg","OK_extra"
"大分県\大分5_鬼塚古墳\44_5_3.JPG","Oita\Oita_Onizuka\Oita_Onizuka_3.jpg","OK_extra"
"大分県\大分5_鬼塚古墳\44_5_5.JPG","Oita\Oita_Onizuka\Oita_Onizuka_5.jpg","OK_ledger"
"大分県\大分5_鬼塚古墳\44_5_6.jpg","Oita\Oita_Onizuka\Oita_Onizuka_6.jpg","OK_ledger"
"大分県\大分5_鬼塚古墳\44_5_7.jpg","Oita\Oita_Onizuka\Oita_Onizuka_7.jpg","OK_ledger"
"大分県\大分5_鬼塚古墳\44_5_8.JPG","Oita\Oita_Onizuka\Oita_Onizuka_8.jpg","OK_ledger"
"大分県\大分5_鬼塚古墳\44_5_9.jpg","Oita\Oita_Onizuka\Oita_Onizuka_9.jpg","OK_ledger"
"大分県\大分7_城山装飾横穴\44_7_5.jpg","Oita\Oita_Shiroyama\Oita_Shiroyama_5.jpg","OK_ledger"
"大分県\大分7_城山装飾横穴\44_7_6.jpg","Oita\Oita_Shiroyama\Oita_Shiroyama_6.jpg","OK_ledger"
"大分県\大分8_水雲横穴墓群\44_8_1.JPG","Oita\Oita_Sunori\Oita_Sunori_1.jpg","OK_extra"
"大分県\大分8_水雲横穴墓群\44_8_10.JPG","Oita\Oita_Sunori\Oita_Sunori_10.jpg","OK_extra"
"大分県\大分8_水雲横穴墓群\44_8_2.JPG","Oita\Oita_Sunori\Oita_Sunori_2.jpg","OK_extra"
"大分県\大分8_水雲横穴墓群\44_8_3.JPG","Oita\Oita_Sunori\Oita_Sunori_3.jpg","OK_extra"
"大分県\大分8_水雲横穴墓群\44_8_5.jpg","Oita\Oita_Sunori\Oita_Sunori_5.jpg","OK_ledger"
"大分県\大分8_水雲横穴墓群\44_8_6.jpg","Oita\Oita_Sunori\Oita_Sunori_6.jpg","OK_extra"
"大分県\大分8_水雲横穴墓群\44_8_7.jpg","Oita\Oita_Sunori\Oita_Sunori_7.jpg","OK_extra"
"大分県\大分8_水雲横穴墓群\44_8_8.jpg","Oita\Oita_Sunori\Oita_Sunori_8.jpg","OK_extra"
"大分県\大分8_水雲横穴墓群\44_8_9.jpg","Oita\Oita_Sunori\Oita_Sunori_9.jpg","OK_extra"
"大分県\大分9_観音山横穴墓群\44_9_2.JPG","Oita\Oita_Kannonyama\Oita_Kannonyama_2.jpg","OK_extra"
"大分県\大分9_観音山横穴墓群\44_9_3.JPG","Oita\Oita_Kannonyama\Oita_Kannonyama_3.jpg","OK_extra"
"大分県\大分9_観音山横穴墓群\44_9_5.JPG","Oita\Oita_Kannonyama\Oita_Kannonyama_5.jpg","OK_extra"
"大分県\大分9_観音山横穴墓群\44_9_6.JPG","Oita\Oita_Kannonyama\Oita_Kannonyama_6.jpg","OK_extra"
"大分県\大分9_観音山横穴墓群\44_9_7.JPG","Oita\Oita_Kannonyama\Oita_Kannonyama_7.jpg","OK_extra"
"大阪府\大阪1_高井田横穴群\27_1_1.JPG","Osaka\Osaka_Takaida\Osaka_Takaida_1.jpg","OK_extra"
"大阪府\大阪1_高井田横穴群\27_1_10.JPG","Osaka\Osaka_Takaida\Osaka_Takaida_10.jpg","OK_extra"
"大阪府\大阪1_高井田横穴群\27_1_2.JPG","Osaka\Osaka_Takaida\Osaka_Takaida_2.jpg","OK_extra"
"大阪府\大阪1_高井田横穴群\27_1_3.JPG","Osaka\Osaka_Takaida\Osaka_Takaida_3.jpg","OK_extra"
"大阪府\大阪1_高井田横穴群\27_1_5.JPG","Osaka\Osaka_Takaida\Osaka_Takaida_5.jpg","OK_extra"
"大阪府\大阪1_高井田横穴群\27_1_6.JPG","Osaka\Osaka_Takaida\Osaka_Takaida_6.jpg","OK_extra"
"大阪府\大阪1_高井田横穴群\27_1_7.JPG","Osaka\Osaka_Takaida\Osaka_Takaida_7.jpg","OK_extra"
"大阪府\大阪1_高井田横穴群\27_1_8.JPG","Osaka\Osaka_Takaida\Osaka_Takaida_8.jpg","OK_extra"
"大阪府\大阪1_高井田横穴群\27_1_9.JPG","Osaka\Osaka_Takaida\Osaka_Takaida_9.jpg","OK_extra"
"大阪府\大阪28_安福寺横穴群\27_28_1.JPG","Osaka\Osaka_Anpukuji\Osaka_Anpukuji_1.jpg","OK_extra"
"大阪府\大阪28_安福寺横穴群\27_28_2.JPG","Osaka\Osaka_Anpukuji\Osaka_Anpukuji_2.jpg","OK_extra"
"大阪府\大阪28_安福寺横穴群\27_28_3.JPG","Osaka\Osaka_Anpukuji\Osaka_Anpukuji_3.jpg","OK_extra"
"大阪府\大阪28_安福寺横穴群\27_28_5.JPG","Osaka\Osaka_Anpukuji\Osaka_Anpukuji_5.jpg","OK_extra"
"大阪府\大阪28_安福寺横穴群\27_28_6.JPG","Osaka\Osaka_Anpukuji\Osaka_Anpukuji_6.jpg","OK_extra"
"大阪府\大阪28_安福寺横穴群\27_28_7.JPG","Osaka\Osaka_Anpukuji\Osaka_Anpukuji_7.jpg","OK_extra"
"大阪府\大阪28_安福寺横穴群\27_28_8.JPG","Osaka\Osaka_Anpukuji\Osaka_Anpukuji_8.jpg","OK_extra"
"大阪府\大阪99_玉手山3号墳\27_99_1.JPG","Osaka\Osaka_Tamateyama_No3\Osaka_Tamateyama_No3_1.jpg","OK_extra"
"大阪府\大阪99_玉手山3号墳\27_99_3.JPG","Osaka\Osaka_Tamateyama_No3\Osaka_Tamateyama_No3_3.jpg","OK_extra"
"大阪府\大阪99_玉手山3号墳\27_99_5.JPG","Osaka\Osaka_Tamateyama_No3\Osaka_Tamateyama_No3_5.jpg","OK_ledger"
"大阪府\大阪99_玉手山3号墳\27_99_6.JPG","Osaka\Osaka_Tamateyama_No3\Osaka_Tamateyama_No3_6.jpg","OK_ledger"
"奈良県\奈良1_水泥南古墳\29_1_1.JPG","Nara\Nara_Midorominami\Nara_Midorominami_1.jpg","OK_extra"
"奈良県\奈良1_水泥南古墳\29_1_2.JPG","Nara\Nara_Midorominami\Nara_Midorominami_2.jpg","OK_extra"
"奈良県\奈良1_水泥南古墳\29_1_3.JPG","Nara\Nara_Midorominami\Nara_Midorominami_3.jpg","OK_extra"
"奈良県\奈良1_水泥南古墳\29_1_5.jpg","Nara\Nara_Mizoro\Nara_Mizoro_5.jpg","OK_ledger"
"奈良県\奈良1_水泥南古墳\29_1_6.JPG","Nara\Nara_Mizoro\Nara_Mizoro_6.jpg","OK_ledger"
"奈良県\奈良1_水泥南古墳\29_1_7.JPG","Nara\Nara_Mizoro\Nara_Mizoro_7.jpg","OK_ledger"
"奈良県\奈良1_水泥南古墳\29_1_8.JPG","Nara\Nara_Midorominami\Nara_Midorominami_8.jpg","OK_extra"
"奈良県\奈良1_水泥古墳\29_1_1.JPG","Nara\Nara_Mizoro\Nara_Mizoro_1.jpg","OK_extra"
"奈良県\奈良1_水泥古墳\29_1_2.JPG","Nara\Nara_Mizoro\Nara_Mizoro_2.jpg","OK_extra"
"奈良県\奈良1_水泥古墳\29_1_3.JPG","Nara\Nara_Mizoro\Nara_Mizoro_3.jpg","OK_extra"
"奈良県\奈良1_水泥古墳\29_1_5.jpg","Nara\Nara_Mizoro\Nara_Mizoro_5_dup1.jpg","OK_ledger"
"奈良県\奈良1_水泥古墳\29_1_6.JPG","Nara\Nara_Mizoro\Nara_Mizoro_6_dup1.jpg","OK_ledger"
"奈良県\奈良1_水泥古墳\29_1_7.JPG","Nara\Nara_Mizoro\Nara_Mizoro_7_dup1.jpg","OK_ledger"
"奈良県\奈良1_水泥古墳\29_1_8.JPG","Nara\Nara_Mizoro\Nara_Mizoro_8.jpg","OK_extra"
"宮城県\宮城20_川北横穴墓\04_20_01.JPG","Miyagi\Miyagi_Kawakita\Miyagi_Kawakita_01.jpg","OK_extra"
"宮城県\宮城20_川北横穴墓\04_20_02.JPG","Miyagi\Miyagi_Kawakita\Miyagi_Kawakita_02.jpg","OK_extra"
"宮城県\宮城20_川北横穴墓\04_20_03.JPG","Miyagi\Miyagi_Kawakita\Miyagi_Kawakita_03.jpg","OK_extra"
"宮城県\宮城20_川北横穴墓\04_20_05.JPG","Miyagi\Miyagi_Kawakita\Miyagi_Kawakita_05.jpg","OK_extra"
"宮城県\宮城20_川北横穴墓\04_20_06.JPG","Miyagi\Miyagi_Kawakita\Miyagi_Kawakita_06.jpg","OK_extra"
"宮城県\宮城20_川北横穴墓\04_20_07.JPG","Miyagi\Miyagi_Kawakita\Miyagi_Kawakita_07.jpg","OK_extra"
"宮城県\宮城20_川北横穴墓\04_20_08.JPG","Miyagi\Miyagi_Kawakita\Miyagi_Kawakita_08.jpg","OK_extra"
"宮城県\宮城20_川北横穴墓\04_20_09.JPG","Miyagi\Miyagi_Kawakita\Miyagi_Kawakita_09.jpg","OK_extra"
"宮城県\宮城2_大年寺山横穴墓\04_2_2.JPG","Miyagi\Miyagi_Dainenjiyama\Miyagi_Dainenjiyama_2.jpg","OK_extra"
"宮城県\宮城2_大年寺山横穴墓\04_2_3.JPG","Miyagi\Miyagi_Dainenjiyama\Miyagi_Dainenjiyama_3.jpg","OK_extra"
"宮城県\宮城3_山畑横穴墓\04_3_1.JPG","Miyagi\Miyagi_Yamahata\Miyagi_Yamahata_1.jpg","OK_extra"
"宮城県\宮城3_山畑横穴墓\04_3_2.JPG","Miyagi\Miyagi_Yamahata\Miyagi_Yamahata_2.jpg","OK_extra"
"宮城県\宮城3_山畑横穴墓\04_3_3.JPG","Miyagi\Miyagi_Yamahata\Miyagi_Yamahata_3.jpg","OK_extra"
"宮城県\宮城3_山畑横穴墓\04_3_5.JPG","Miyagi\Miyagi_Yamahata\Miyagi_Yamahata_5.jpg","OK_extra"
"宮城県\宮城3_山畑横穴墓\04_3_6.JPG","Miyagi\Miyagi_Yamahata\Miyagi_Yamahata_6.jpg","OK_extra"
"宮崎県\宮崎12_蓮ヶ池横穴墓群\45_12_1.JPG","Miyazaki\Miyazaki_Hasugaike\Miyazaki_Hasugaike_1.jpg","OK_extra"
"宮崎県\宮崎12_蓮ヶ池横穴墓群\45_12_10.JPG","Miyazaki\Miyazaki_Hasugaike\Miyazaki_Hasugaike_10.jpg","OK_ledger"
"宮崎県\宮崎12_蓮ヶ池横穴墓群\45_12_11.JPG","Miyazaki\Miyazaki_Hasugaike\Miyazaki_Hasugaike_11.jpg","OK_extra"
"宮崎県\宮崎12_蓮ヶ池横穴墓群\45_12_12.JPG","Miyazaki\Miyazaki_Hasugaike\Miyazaki_Hasugaike_12.jpg","OK_extra"
"宮崎県\宮崎12_蓮ヶ池横穴墓群\45_12_13.JPG","Miyazaki\Miyazaki_Hasugaike\Miyazaki_Hasugaike_13.jpg","OK_extra"
"宮崎県\宮崎12_蓮ヶ池横穴墓群\45_12_2.JPG","Miyazaki\Miyazaki_Hasugaike\Miyazaki_Hasugaike_2.jpg","OK_extra"
"宮崎県\宮崎12_蓮ヶ池横穴墓群\45_12_3.JPG","Miyazaki\Miyazaki_Hasugaike\Miyazaki_Hasugaike_3.jpg","OK_extra"
"宮崎県\宮崎12_蓮ヶ池横穴墓群\45_12_5.JPG","Miyazaki\Miyazaki_Hasugaike\Miyazaki_Hasugaike_5.jpg","OK_ledger"
"宮崎県\宮崎12_蓮ヶ池横穴墓群\45_12_6.JPG","Miyazaki\Miyazaki_Hasugaike\Miyazaki_Hasugaike_6.jpg","OK_ledger"
"宮崎県\宮崎12_蓮ヶ池横穴墓群\45_12_7.JPG","Miyazaki\Miyazaki_Hasugaike\Miyazaki_Hasugaike_7.jpg","OK_ledger"
"宮崎県\宮崎12_蓮ヶ池横穴墓群\45_12_8.JPG","Miyazaki\Miyazaki_Hasugaike\Miyazaki_Hasugaike_8.jpg","OK_extra"
"宮崎県\宮崎12_蓮ヶ池横穴墓群\45_12_9.JPG","Miyazaki\Miyazaki_Hasugaike\Miyazaki_Hasugaike_9.jpg","OK_extra"
"宮崎県\宮崎16_本庄古墳群\45_16_1.JPG","Miyazaki\Miyazaki_Honjo\Miyazaki_Honjo_1.jpg","OK_extra"
"宮崎県\宮崎16_本庄古墳群\45_16_2.JPG","Miyazaki\Miyazaki_Honjo\Miyazaki_Honjo_2.jpg","OK_extra"
"宮崎県\宮崎16_本庄古墳群\45_16_3.JPG","Miyazaki\Miyazaki_Honjo\Miyazaki_Honjo_3.jpg","OK_extra"
"宮崎県\宮崎9_土器田東横穴墓群\45_9_10.jpg","Miyazaki\Miyazaki_Dokida_Higashi\Miyazaki_Dokida_Higashi_10.jpg","OK_ledger"
"宮崎県\宮崎9_土器田東横穴墓群\45_9_11.jpg","Miyazaki\Miyazaki_Dokida_Higashi\Miyazaki_Dokida_Higashi_11.jpg","OK_ledger"
"宮崎県\宮崎9_土器田東横穴墓群\45_9_2.jpg","Miyazaki\Miyazaki_Dokida_Higashi\Miyazaki_Dokida_Higashi_2.jpg","OK_extra"
"宮崎県\宮崎9_土器田東横穴墓群\45_9_5.jpg","Miyazaki\Miyazaki_Dokida_Higashi\Miyazaki_Dokida_Higashi_5.jpg","OK_ledger"
"宮崎県\宮崎9_土器田東横穴墓群\45_9_6.jpg","Miyazaki\Miyazaki_Dokida_Higashi\Miyazaki_Dokida_Higashi_6.jpg","OK_ledger"
"宮崎県\宮崎9_土器田東横穴墓群\45_9_7.jpg","Miyazaki\Miyazaki_Dokida_Higashi\Miyazaki_Dokida_Higashi_7.jpg","OK_ledger"
"宮崎県\宮崎9_土器田東横穴墓群\45_9_8.jpg","Miyazaki\Miyazaki_Dokida_Higashi\Miyazaki_Dokida_Higashi_8.jpg","OK_ledger"
"宮崎県\宮崎9_土器田東横穴墓群\45_9_9.jpg","Miyazaki\Miyazaki_Dokida_Higashi\Miyazaki_Dokida_Higashi_9.jpg","OK_ledger"
"山口県\山口1_穴観音古墳\35_1_1.JPG","Yamaguchi\Yamaguchi_Anakannon\Yamaguchi_Anakannon_1.jpg","OK_extra"
"山口県\山口1_穴観音古墳\35_1_10.JPG","Yamaguchi\Yamaguchi_Anakannon\Yamaguchi_Anakannon_10.jpg","OK_ledger"
"山口県\山口1_穴観音古墳\35_1_11.JPG","Yamaguchi\Yamaguchi_Anakannon\Yamaguchi_Anakannon_11.jpg","OK_extra"
"山口県\山口1_穴観音古墳\35_1_2.JPG","Yamaguchi\Yamaguchi_Anakannon\Yamaguchi_Anakannon_2.jpg","OK_extra"
"山口県\山口1_穴観音古墳\35_1_3.JPG","Yamaguchi\Yamaguchi_Anakannon\Yamaguchi_Anakannon_3.jpg","OK_extra"
"山口県\山口1_穴観音古墳\35_1_5.JPG","Yamaguchi\Yamaguchi_Anakannon\Yamaguchi_Anakannon_5.jpg","OK_ledger"
"山口県\山口1_穴観音古墳\35_1_6.JPG","Yamaguchi\Yamaguchi_Anakannon\Yamaguchi_Anakannon_6.jpg","OK_ledger"
"山口県\山口1_穴観音古墳\35_1_7.JPG","Yamaguchi\Yamaguchi_Anakannon\Yamaguchi_Anakannon_7.jpg","OK_ledger"
"山口県\山口1_穴観音古墳\35_1_8.JPG","Yamaguchi\Yamaguchi_Anakannon\Yamaguchi_Anakannon_8.jpg","OK_ledger"
"山口県\山口1_穴観音古墳\35_1_9.JPG","Yamaguchi\Yamaguchi_Anakannon\Yamaguchi_Anakannon_9.jpg","OK_ledger"
"山梨県\山梨1_丸山塚古墳\19_1_1.JPG","Yamanashi\Yamanashi_Maruyamazuka\Yamanashi_Maruyamazuka_1.jpg","OK_extra"
"山梨県\山梨1_丸山塚古墳\19_1_2.JPG","Yamanashi\Yamanashi_Maruyamazuka\Yamanashi_Maruyamazuka_2.jpg","OK_extra"
"山梨県\山梨1_丸山塚古墳\19_1_3.JPG","Yamanashi\Yamanashi_Maruyamazuka\Yamanashi_Maruyamazuka_3.jpg","OK_extra"
"山梨県\山梨1_丸山塚古墳\19_1_5.JPG","Yamanashi\Yamanashi_Maruyamazuka\Yamanashi_Maruyamazuka_5.jpg","OK_extra"
"山梨県\山梨1_丸山塚古墳\19_1_6.JPG","Yamanashi\Yamanashi_Maruyamazuka\Yamanashi_Maruyamazuka_6.jpg","OK_extra"
"山梨県\山梨1_丸山塚古墳\19_1_7.JPG","Yamanashi\Yamanashi_Maruyamazuka\Yamanashi_Maruyamazuka_7.jpg","OK_extra"
"岡山県\岡山1_千足古墳\33_1_1.JPG","Okayama\Okayama_Senzoku\Okayama_Senzoku_1.jpg","OK_extra"
"岡山県\岡山1_千足古墳\33_1_10.jpg","Okayama\Okayama_Senzoku\Okayama_Senzoku_10.jpg","OK_extra"
"岡山県\岡山1_千足古墳\33_1_11.JPG","Okayama\Okayama_Senzoku\Okayama_Senzoku_11.jpg","OK_extra"
"岡山県\岡山1_千足古墳\33_1_2.JPG","Okayama\Okayama_Senzoku\Okayama_Senzoku_2.jpg","OK_extra"
"岡山県\岡山1_千足古墳\33_1_3.JPG","Okayama\Okayama_Senzoku\Okayama_Senzoku_3.jpg","OK_extra"
"岡山県\岡山1_千足古墳\33_1_5.JPG","Okayama\Okayama_Senzoku\Okayama_Senzoku_5.jpg","OK_ledger"
"岡山県\岡山1_千足古墳\33_1_6.JPG","Okayama\Okayama_Senzoku\Okayama_Senzoku_6.jpg","OK_extra"
"岡山県\岡山1_千足古墳\33_1_7.JPG","Okayama\Okayama_Senzoku\Okayama_Senzoku_7.jpg","OK_extra"
"岡山県\岡山1_千足古墳\33_1_8.JPG","Okayama\Okayama_Senzoku\Okayama_Senzoku_8.jpg","OK_extra"
"岡山県\岡山1_千足古墳\33_1_9.JPG","Okayama\Okayama_Senzoku\Okayama_Senzoku_9.jpg","OK_extra"
"岡山県\岡山2_鶴山丸山古墳\33_2_1.JPG","Okayama\Okayama_Tsuruyama_Maruyama\Okayama_Tsuruyama_Maruyama_1.jpg","OK_extra"
"岡山県\岡山2_鶴山丸山古墳\33_2_2.JPG","Okayama\Okayama_Tsuruyama_Maruyama\Okayama_Tsuruyama_Maruyama_2.jpg","OK_extra"
"岡山県\岡山2_鶴山丸山古墳\33_2_3.JPG","Okayama\Okayama_Tsuruyama_Maruyama\Okayama_Tsuruyama_Maruyama_3.jpg","OK_extra"
"岡山県\岡山2_鶴山丸山古墳\33_2_5.JPG","Okayama\Okayama_Tsuruyama_Maruyama\Okayama_Tsuruyama_Maruyama_5.jpg","OK_ledger"
"島根県\島根10_狐谷横穴墓群\32_10_2.JPG","Shimane\Shimane_Kitsunedani\Shimane_Kitsunedani_2.jpg","OK_extra"
"島根県\島根10_狐谷横穴墓群\32_10_3.JPG","Shimane\Shimane_Kitsunedani\Shimane_Kitsunedani_3.jpg","OK_extra"
"島根県\島根12_深田谷横穴墓群\32_12_2.JPG","Shimane\Shimane_Fukadaya\Shimane_Fukadaya_2.jpg","OK_extra"
"島根県\島根12_深田谷横穴墓群\32_12_3.JPG","Shimane\Shimane_Fukadaya\Shimane_Fukadaya_3.jpg","OK_extra"
"島根県\島根21_伊賀見古墳\32_21_1.JPG","Shimane\Shimane_Igami\Shimane_Igami_1.jpg","OK_extra"
"島根県\島根21_伊賀見古墳\32_21_2.JPG","Shimane\Shimane_Igami\Shimane_Igami_2.jpg","OK_extra"
"島根県\島根21_伊賀見古墳\32_21_3.JPG","Shimane\Shimane_Igami\Shimane_Igami_3.jpg","OK_extra"
"島根県\島根21_伊賀見古墳\32_21_5.JPG","Shimane\Shimane_Igami\Shimane_Igami_5.jpg","OK_ledger"
"島根県\島根21_伊賀見古墳\32_21_6.JPG","Shimane\Shimane_Igami\Shimane_Igami_6.jpg","OK_ledger"
"島根県\島根4_日吉垣の内古墳\32_4_2.JPG","Shimane\Shimane_Hiyoshi_Kakinouchi\Shimane_Hiyoshi_Kakinouchi_2.jpg","OK_extra"
"島根県\島根4_日吉垣の内古墳\32_4_3.JPG","Shimane\Shimane_Hiyoshi_Kakinouchi\Shimane_Hiyoshi_Kakinouchi_3.jpg","OK_extra"
"島根県\島根4_日吉垣の内古墳\32_4_5.JPG","Shimane\Shimane_Hiyoshi_Kakinouchi\Shimane_Hiyoshi_Kakinouchi_5.jpg","OK_ledger"
"島根県\島根4_日吉垣の内古墳\32_4_6.JPG","Shimane\Shimane_Hiyoshi_Kakinouchi\Shimane_Hiyoshi_Kakinouchi_6.jpg","OK_extra"
"島根県\島根5_丹花庵古墳\32_5_1.JPG","Shimane\Shimane_Tangean\Shimane_Tangean_1.jpg","OK_extra"
"島根県\島根5_丹花庵古墳\32_5_2.JPG","Shimane\Shimane_Tangean\Shimane_Tangean_2.jpg","OK_extra"
"島根県\島根5_丹花庵古墳\32_5_3.JPG","Shimane\Shimane_Tangean\Shimane_Tangean_3.jpg","OK_extra"
"島根県\島根5_丹花庵古墳\32_5_5.JPG","Shimane\Shimane_Tangean\Shimane_Tangean_5.jpg","OK_ledger"
"島根県\島根5_丹花庵古墳\32_5_6.JPG","Shimane\Shimane_Tangean\Shimane_Tangean_6.jpg","OK_extra"
"島根県\島根6_十王免横穴墓群\32_6_1.JPG","Shimane\Shimane_Juomen\Shimane_Juomen_1.jpg","OK_extra"
"島根県\島根6_十王免横穴墓群\32_6_2.JPG","Shimane\Shimane_Juomen\Shimane_Juomen_2.jpg","OK_extra"
"島根県\島根6_十王免横穴墓群\32_6_3.JPG","Shimane\Shimane_Juomen\Shimane_Juomen_3.jpg","OK_extra"
"島根県\島根6_十王免横穴墓群\32_6_5.JPG","Shimane\Shimane_Juomen\Shimane_Juomen_5.jpg","OK_extra"
"島根県\島根6_十王免横穴墓群\32_6_6.JPG","Shimane\Shimane_Juomen\Shimane_Juomen_6.jpg","OK_extra"
"島根県\島根6_十王免横穴墓群\32_6_7.JPG","Shimane\Shimane_Juomen\Shimane_Juomen_7.jpg","OK_extra"
"広島県\広島1_土師大迫古墳\34_1_1.JPG","Hiroshima\Hiroshima_Haji_Osako\Hiroshima_Haji_Osako_1.jpg","OK_extra"
"広島県\広島1_土師大迫古墳\34_1_2.JPG","Hiroshima\Hiroshima_Haji_Osako\Hiroshima_Haji_Osako_2.jpg","OK_extra"
"広島県\広島1_土師大迫古墳\34_1_3.JPG","Hiroshima\Hiroshima_Haji_Osako\Hiroshima_Haji_Osako_3.jpg","OK_extra"
"熊本県\熊本10_永安寺東古墳\43_10_1.JPG","Kumamoto\Kumamoto_Eianji_Higashi\Kumamoto_Eianji_Higashi_1.jpg","OK_extra"
"熊本県\熊本10_永安寺東古墳\43_10_2.JPG","Kumamoto\Kumamoto_Eianji_Higashi\Kumamoto_Eianji_Higashi_2.jpg","OK_extra"
"熊本県\熊本10_永安寺東古墳\43_10_3.JPG","Kumamoto\Kumamoto_Eianji_Higashi\Kumamoto_Eianji_Higashi_3.jpg","OK_extra"
"熊本県\熊本10_永安寺東古墳\43_10_4.jpg","Kumamoto\Kumamoto_Eianji_Higashi\Kumamoto_Eianji_Higashi_4.jpg","OK_extra"
"熊本県\熊本10_永安寺東古墳\43_10_5.jpg","Kumamoto\Kumamoto_Eianji_Higashi\Kumamoto_Eianji_Higashi_5.jpg","OK_ledger"
"熊本県\熊本10_永安寺東古墳\43_10_6.jpg","Kumamoto\Kumamoto_Eianji_Higashi\Kumamoto_Eianji_Higashi_6.jpg","OK_ledger"
"熊本県\熊本10_永安寺東古墳\43_10_7.jpg","Kumamoto\Kumamoto_Eianji_Higashi\Kumamoto_Eianji_Higashi_7.jpg","OK_ledger"
"熊本県\熊本10_永安寺東古墳\43_10_8.jpg","Kumamoto\Kumamoto_Eianji_Higashi\Kumamoto_Eianji_Higashi_8.jpg","OK_ledger"
"熊本県\熊本10_永安寺東古墳\43_10_9.JPG","Kumamoto\Kumamoto_Eianji_Higashi\Kumamoto_Eianji_Higashi_9.jpg","OK_extra"
"熊本県\熊本10_永安寺東古墳\永安寺東古墳01.jpg","Kumamoto\Kumamoto_Eianji_Higashi\Kumamoto_Eianji_Higashi_01.jpg","OK_extra"
"熊本県\熊本10_永安寺東古墳\永安寺東古墳03.jpg","Kumamoto\Kumamoto_Eianji_Higashi\Kumamoto_Eianji_Higashi_03.jpg","OK_extra"
"熊本県\熊本10_永安寺東古墳\永安寺東古墳04.jpg","Kumamoto\Kumamoto_Eianji_Higashi\Kumamoto_Eianji_Higashi_04.jpg","OK_extra"
"熊本県\熊本10_永安寺東古墳\永安寺東古墳05.jpg","Kumamoto\Kumamoto_Eianji_Higashi\Kumamoto_Eianji_Higashi_05.jpg","OK_extra"
"熊本県\熊本117_オブサン古墳\43_117_2.JPG","Kumamoto\Kumamoto_Obusan\Kumamoto_Obusan_2.jpg","OK_extra"
"熊本県\熊本117_オブサン古墳\43_117_3.JPG","Kumamoto\Kumamoto_Obusan\Kumamoto_Obusan_3.jpg","OK_extra"
"熊本県\熊本117_オブサン古墳\43_117_4.jpg","Kumamoto\Kumamoto_Obusan\Kumamoto_Obusan_4.jpg","OK_extra"
"熊本県\熊本117_オブサン古墳\43_117_5.JPG","Kumamoto\Kumamoto_Obusan\Kumamoto_Obusan_5.jpg","OK_ledger"
"熊本県\熊本117_オブサン古墳\43_117_6.JPG","Kumamoto\Kumamoto_Obusan\Kumamoto_Obusan_6.jpg","OK_extra"
"熊本県\熊本120_小原浦田横穴墓群\43_120_2.jpg","Kumamoto\Kumamoto_Obaru_Urata\Kumamoto_Obaru_Urata_2.jpg","OK_extra"
"熊本県\熊本120_小原浦田横穴墓群\43_120_4.jpg","Kumamoto\Kumamoto_Obaru_Urata\Kumamoto_Obaru_Urata_4.jpg","OK_extra"
"熊本県\熊本120_小原浦田横穴墓群\43_120_5.jpg","Kumamoto\Kumamoto_Obaru_Urata\Kumamoto_Obaru_Urata_5.jpg","OK_ledger"
"熊本県\熊本120_小原浦田横穴墓群\43_120_6.jpg","Kumamoto\Kumamoto_Obaru_Urata\Kumamoto_Obaru_Urata_6.jpg","OK_ledger"
"熊本県\熊本120_小原浦田横穴墓群\43_120_7.jpg","Kumamoto\Kumamoto_Obaru_Urata\Kumamoto_Obaru_Urata_7.jpg","OK_ledger"
"熊本県\熊本120_小原浦田横穴墓群\43_120_8.jpg","Kumamoto\Kumamoto_Obaru_Urata\Kumamoto_Obaru_Urata_8.jpg","OK_ledger"
"熊本県\熊本120_小原浦田横穴墓群\43_120_9.jpg","Kumamoto\Kumamoto_Obaru_Urata\Kumamoto_Obaru_Urata_9.jpg","OK_extra"
"熊本県\熊本12_石貫穴観音横穴墓群\43_12_1.JPG","Kumamoto\Kumamoto_Ishinuki_Anakannon\Kumamoto_Ishinuki_Anakannon_1.jpg","OK_extra"
"熊本県\熊本12_石貫穴観音横穴墓群\43_12_10.JPG","Kumamoto\Kumamoto_Ishinuki_Anakannon\Kumamoto_Ishinuki_Anakannon_10.jpg","OK_extra"
"熊本県\熊本12_石貫穴観音横穴墓群\43_12_2.JPG","Kumamoto\Kumamoto_Ishinuki_Anakannon\Kumamoto_Ishinuki_Anakannon_2.jpg","OK_extra"
"熊本県\熊本12_石貫穴観音横穴墓群\43_12_3.JPG","Kumamoto\Kumamoto_Ishinuki_Anakannon\Kumamoto_Ishinuki_Anakannon_3.jpg","OK_extra"
"熊本県\熊本12_石貫穴観音横穴墓群\43_12_4.jpg","Kumamoto\Kumamoto_Ishinuki_Anakannon\Kumamoto_Ishinuki_Anakannon_4.jpg","OK_extra"
"熊本県\熊本12_石貫穴観音横穴墓群\43_12_5.jpg","Kumamoto\Kumamoto_Ishinuki_Anakannon\Kumamoto_Ishinuki_Anakannon_5.jpg","OK_ledger"
"熊本県\熊本12_石貫穴観音横穴墓群\43_12_6.JPG","Kumamoto\Kumamoto_Ishinuki_Anakannon\Kumamoto_Ishinuki_Anakannon_6.jpg","OK_ledger"
"熊本県\熊本12_石貫穴観音横穴墓群\43_12_7.JPG","Kumamoto\Kumamoto_Ishinuki_Anakannon\Kumamoto_Ishinuki_Anakannon_7.jpg","OK_ledger"
"熊本県\熊本12_石貫穴観音横穴墓群\43_12_8.jpg","Kumamoto\Kumamoto_Ishinuki_Anakannon\Kumamoto_Ishinuki_Anakannon_8.jpg","OK_extra"
"熊本県\熊本12_石貫穴観音横穴墓群\43_12_9.JPG","Kumamoto\Kumamoto_Ishinuki_Anakannon\Kumamoto_Ishinuki_Anakannon_9.jpg","OK_extra"
"熊本県\熊本153_井寺古墳\43_153_1.JPG","Kumamoto\Kumamoto_Idera\Kumamoto_Idera_1.jpg","OK_extra"
"熊本県\熊本153_井寺古墳\43_153_10.jpg","Kumamoto\Kumamoto_Idera\Kumamoto_Idera_10.jpg","OK_ledger"
"熊本県\熊本153_井寺古墳\43_153_11.JPG","Kumamoto\Kumamoto_Idera\Kumamoto_Idera_11.jpg","OK_extra"
"熊本県\熊本153_井寺古墳\43_153_12.JPG","Kumamoto\Kumamoto_Idera\Kumamoto_Idera_12.jpg","OK_extra"
"熊本県\熊本153_井寺古墳\43_153_2.JPG","Kumamoto\Kumamoto_Idera\Kumamoto_Idera_2.jpg","OK_extra"
"熊本県\熊本153_井寺古墳\43_153_3.JPG","Kumamoto\Kumamoto_Idera\Kumamoto_Idera_3.jpg","OK_extra"
"熊本県\熊本153_井寺古墳\43_153_4.jpg","Kumamoto\Kumamoto_Idera\Kumamoto_Idera_4.jpg","OK_extra"
"熊本県\熊本153_井寺古墳\43_153_5.jpg","Kumamoto\Kumamoto_Idera\Kumamoto_Idera_5.jpg","OK_ledger"
"熊本県\熊本153_井寺古墳\43_153_6.jpg","Kumamoto\Kumamoto_Idera\Kumamoto_Idera_6.jpg","OK_ledger"
"熊本県\熊本153_井寺古墳\43_153_7.jpg","Kumamoto\Kumamoto_Idera\Kumamoto_Idera_7.jpg","OK_ledger"
"熊本県\熊本153_井寺古墳\43_153_8.jpg","Kumamoto\Kumamoto_Idera\Kumamoto_Idera_8.jpg","OK_ledger"
"熊本県\熊本153_井寺古墳\43_153_9.jpg","Kumamoto\Kumamoto_Idera\Kumamoto_Idera_9.jpg","OK_ledger"
"熊本県\熊本153_井寺古墳\井寺古墳04-1.jpg","Kumamoto\Kumamoto_Idera\Kumamoto_Idera_1_dup1.jpg","OK_extra"
"熊本県\熊本153_井寺古墳\井寺古墳04-2.jpg","Kumamoto\Kumamoto_Idera\Kumamoto_Idera_2_dup1.jpg","OK_extra"
"熊本県\熊本153_井寺古墳\井寺古墳05.jpg","Kumamoto\Kumamoto_Idera\Kumamoto_Idera_05.jpg","OK_extra"
"熊本県\熊本153_井寺古墳\井寺古墳06.jpg","Kumamoto\Kumamoto_Idera\Kumamoto_Idera_06.jpg","OK_extra"
"熊本県\熊本153_井寺古墳\井寺古墳07.jpg","Kumamoto\Kumamoto_Idera\Kumamoto_Idera_07.jpg","OK_extra"
"熊本県\熊本153_井寺古墳\井寺古墳09.jpg","Kumamoto\Kumamoto_Idera\Kumamoto_Idera_09.jpg","OK_extra"
"熊本県\熊本171_小田良古墳\43_171_1.JPG","Kumamoto\Kumamoto_Odara\Kumamoto_Odara_1.jpg","OK_extra"
"熊本県\熊本171_小田良古墳\43_171_10.jpg","Kumamoto\Kumamoto_Odara\Kumamoto_Odara_10.jpg","OK_ledger"
"熊本県\熊本171_小田良古墳\43_171_11.jpg","Kumamoto\Kumamoto_Odara\Kumamoto_Odara_11.jpg","OK_ledger"
"熊本県\熊本171_小田良古墳\43_171_12.jpg","Kumamoto\Kumamoto_Odara\Kumamoto_Odara_12.jpg","OK_ledger"
"熊本県\熊本171_小田良古墳\43_171_13.jpg","Kumamoto\Kumamoto_Odara\Kumamoto_Odara_13.jpg","OK_ledger"
"熊本県\熊本171_小田良古墳\43_171_14.jpg","Kumamoto\Kumamoto_Odara\Kumamoto_Odara_14.jpg","OK_ledger"
"熊本県\熊本171_小田良古墳\43_171_15.jpg","Kumamoto\Kumamoto_Odara\Kumamoto_Odara_15.jpg","OK_ledger"
"熊本県\熊本171_小田良古墳\43_171_2.JPG","Kumamoto\Kumamoto_Odara\Kumamoto_Odara_2.jpg","OK_extra"
"熊本県\熊本171_小田良古墳\43_171_3.JPG","Kumamoto\Kumamoto_Odara\Kumamoto_Odara_3.jpg","OK_extra"
"熊本県\熊本171_小田良古墳\43_171_5.jpg","Kumamoto\Kumamoto_Odara\Kumamoto_Odara_5.jpg","OK_ledger"
"熊本県\熊本171_小田良古墳\43_171_6.jpg","Kumamoto\Kumamoto_Odara\Kumamoto_Odara_6.jpg","OK_ledger"
"熊本県\熊本171_小田良古墳\43_171_7.jpg","Kumamoto\Kumamoto_Odara\Kumamoto_Odara_7.jpg","OK_ledger"
"熊本県\熊本171_小田良古墳\43_171_8.jpg","Kumamoto\Kumamoto_Odara\Kumamoto_Odara_8.jpg","OK_ledger"
"熊本県\熊本171_小田良古墳\43_171_9.jpg","Kumamoto\Kumamoto_Odara\Kumamoto_Odara_9.jpg","OK_ledger"
"熊本県\熊本173_広浦古墳\43_173_5.jpg","Kumamoto\Kumamoto_Hiroura\Kumamoto_Hiroura_5.jpg","OK_extra"
"熊本県\熊本189_田川内１号古墳\43_189_5.jpg","Kumamoto\Kumamoto_Tanokawachi_No1\Kumamoto_Tanokawachi_No1_5.jpg","OK_ledger"
"熊本県\熊本189_田川内１号古墳\43_189_6.jpg","Kumamoto\Kumamoto_Tanokawachi_No1\Kumamoto_Tanokawachi_No1_6.jpg","OK_ledger"
"熊本県\熊本21_石貫ナギノ横穴墓群\43_21_1.jpg","Kumamoto\Kumamoto_Ishinuki_Nagino\Kumamoto_Ishinuki_Nagino_1.jpg","OK_extra"
"熊本県\熊本21_石貫ナギノ横穴墓群\43_21_10.jpg","Kumamoto\Kumamoto_Ishinuki_Nagino\Kumamoto_Ishinuki_Nagino_10.jpg","OK_ledger"
"熊本県\熊本21_石貫ナギノ横穴墓群\43_21_11.jpg","Kumamoto\Kumamoto_Ishinuki_Nagino\Kumamoto_Ishinuki_Nagino_11.jpg","OK_ledger"
"熊本県\熊本21_石貫ナギノ横穴墓群\43_21_12.jpg","Kumamoto\Kumamoto_Ishinuki_Nagino\Kumamoto_Ishinuki_Nagino_12.jpg","OK_ledger"
"熊本県\熊本21_石貫ナギノ横穴墓群\43_21_13.jpg","Kumamoto\Kumamoto_Ishinuki_Nagino\Kumamoto_Ishinuki_Nagino_13.jpg","OK_ledger"
"熊本県\熊本21_石貫ナギノ横穴墓群\43_21_14.jpg","Kumamoto\Kumamoto_Ishinuki_Nagino\Kumamoto_Ishinuki_Nagino_14.jpg","OK_ledger"
"熊本県\熊本21_石貫ナギノ横穴墓群\43_21_15.jpg","Kumamoto\Kumamoto_Ishinuki_Nagino\Kumamoto_Ishinuki_Nagino_15.jpg","OK_ledger"
"熊本県\熊本21_石貫ナギノ横穴墓群\43_21_16.jpg","Kumamoto\Kumamoto_Ishinuki_Nagino\Kumamoto_Ishinuki_Nagino_16.jpg","OK_ledger"
"熊本県\熊本21_石貫ナギノ横穴墓群\43_21_17.jpg","Kumamoto\Kumamoto_Ishinuki_Nagino\Kumamoto_Ishinuki_Nagino_17.jpg","OK_extra"
"熊本県\熊本21_石貫ナギノ横穴墓群\43_21_18.jpg","Kumamoto\Kumamoto_Ishinuki_Nagino\Kumamoto_Ishinuki_Nagino_18.jpg","OK_extra"
"熊本県\熊本21_石貫ナギノ横穴墓群\43_21_19.jpg","Kumamoto\Kumamoto_Ishinuki_Nagino\Kumamoto_Ishinuki_Nagino_19.jpg","OK_extra"
"熊本県\熊本21_石貫ナギノ横穴墓群\43_21_2.jpg","Kumamoto\Kumamoto_Ishinuki_Nagino\Kumamoto_Ishinuki_Nagino_2.jpg","OK_extra"
"熊本県\熊本21_石貫ナギノ横穴墓群\43_21_20.jpg","Kumamoto\Kumamoto_Ishinuki_Nagino\Kumamoto_Ishinuki_Nagino_20.jpg","OK_extra"
"熊本県\熊本21_石貫ナギノ横穴墓群\43_21_21.jpg","Kumamoto\Kumamoto_Ishinuki_Nagino\Kumamoto_Ishinuki_Nagino_21.jpg","OK_extra"
"熊本県\熊本21_石貫ナギノ横穴墓群\43_21_3.jpg","Kumamoto\Kumamoto_Ishinuki_Nagino\Kumamoto_Ishinuki_Nagino_3.jpg","OK_extra"
"熊本県\熊本21_石貫ナギノ横穴墓群\43_21_4.jpg","Kumamoto\Kumamoto_Ishinuki_Nagino\Kumamoto_Ishinuki_Nagino_4.jpg","OK_extra"
"熊本県\熊本21_石貫ナギノ横穴墓群\43_21_5.jpg","Kumamoto\Kumamoto_Ishinuki_Nagino\Kumamoto_Ishinuki_Nagino_5.jpg","OK_ledger"
"熊本県\熊本21_石貫ナギノ横穴墓群\43_21_6.jpg","Kumamoto\Kumamoto_Ishinuki_Nagino\Kumamoto_Ishinuki_Nagino_6.jpg","OK_ledger"
"熊本県\熊本21_石貫ナギノ横穴墓群\43_21_7.jpg","Kumamoto\Kumamoto_Ishinuki_Nagino\Kumamoto_Ishinuki_Nagino_7.jpg","OK_ledger"
"熊本県\熊本21_石貫ナギノ横穴墓群\43_21_8.jpg","Kumamoto\Kumamoto_Ishinuki_Nagino\Kumamoto_Ishinuki_Nagino_8.jpg","OK_ledger"
"熊本県\熊本21_石貫ナギノ横穴墓群\43_21_9.jpg","Kumamoto\Kumamoto_Ishinuki_Nagino\Kumamoto_Ishinuki_Nagino_9.jpg","OK_ledger"
"熊本県\熊本21_石貫ナギノ横穴墓群\ﾅｷﾞﾉ横穴古墳02-1.jpg","Kumamoto\Kumamoto_Ishinuki_Nagino\Kumamoto_Ishinuki_Nagino_1_dup1.jpg","OK_extra"
"熊本県\熊本32_臼塚古墳\43_32_4.jpg","Kumamoto\Kumamoto_Usuzuka\Kumamoto_Usuzuka_4.jpg","OK_extra"
"熊本県\熊本32_臼塚古墳\43_32_5.jpg","Kumamoto\Kumamoto_Usuzuka\Kumamoto_Usuzuka_5.jpg","OK_ledger"
"熊本県\熊本33_チブサン古墳\43_33_1.jpg","Kumamoto\Kumamoto_Chibusan\Kumamoto_Chibusan_1.jpg","OK_extra"
"熊本県\熊本33_チブサン古墳\43_33_10.JPG","Kumamoto\Kumamoto_Chibusan\Kumamoto_Chibusan_10.jpg","OK_extra"
"熊本県\熊本33_チブサン古墳\43_33_11.JPG","Kumamoto\Kumamoto_Chibusan\Kumamoto_Chibusan_11.jpg","OK_extra"
"熊本県\熊本33_チブサン古墳\43_33_12.JPG","Kumamoto\Kumamoto_Chibusan\Kumamoto_Chibusan_12.jpg","OK_extra"
"熊本県\熊本33_チブサン古墳\43_33_13.jpg","Kumamoto\Kumamoto_Chibusan\Kumamoto_Chibusan_13.jpg","OK_extra"
"熊本県\熊本33_チブサン古墳\43_33_2.JPG","Kumamoto\Kumamoto_Chibusan\Kumamoto_Chibusan_2.jpg","OK_extra"
"熊本県\熊本33_チブサン古墳\43_33_3.JPG","Kumamoto\Kumamoto_Chibusan\Kumamoto_Chibusan_3.jpg","OK_extra"
"熊本県\熊本33_チブサン古墳\43_33_4.jpg","Kumamoto\Kumamoto_Chibusan\Kumamoto_Chibusan_4.jpg","OK_extra"
"熊本県\熊本33_チブサン古墳\43_33_5.jpg","Kumamoto\Kumamoto_Chibusan\Kumamoto_Chibusan_5.jpg","OK_ledger"
"熊本県\熊本33_チブサン古墳\43_33_6.jpg","Kumamoto\Kumamoto_Chibusan\Kumamoto_Chibusan_6.jpg","OK_ledger"
"熊本県\熊本33_チブサン古墳\43_33_7.jpg","Kumamoto\Kumamoto_Chibusan\Kumamoto_Chibusan_7.jpg","OK_ledger"
"熊本県\熊本33_チブサン古墳\43_33_8.jpg","Kumamoto\Kumamoto_Chibusan\Kumamoto_Chibusan_8.jpg","OK_extra"
"熊本県\熊本33_チブサン古墳\43_33_9.JPG","Kumamoto\Kumamoto_Chibusan\Kumamoto_Chibusan_9.jpg","OK_extra"
"熊本県\熊本33_チブサン古墳\ﾁﾌﾞｻﾝ古墳02.jpg","Kumamoto\Kumamoto_Chibusan\Kumamoto_Chibusan_02.jpg","OK_extra"
"熊本県\熊本33_チブサン古墳\ﾁﾌﾞｻﾝ古墳03.jpg","Kumamoto\Kumamoto_Chibusan\Kumamoto_Chibusan_03.jpg","OK_extra"
"熊本県\熊本33_チブサン古墳\ﾁﾌﾞｻﾝ古墳04.jpg","Kumamoto\Kumamoto_Chibusan\Kumamoto_Chibusan_04.jpg","OK_extra"
"熊本県\熊本33_チブサン古墳\ﾁﾌﾞｻﾝ古墳05.jpg","Kumamoto\Kumamoto_Chibusan\Kumamoto_Chibusan_05.jpg","OK_extra"
"熊本県\熊本33_チブサン古墳\ﾁﾌﾞｻﾝ古墳06.jpg","Kumamoto\Kumamoto_Chibusan\Kumamoto_Chibusan_06.jpg","OK_extra"
"熊本県\熊本33_チブサン古墳\ﾁﾌﾞｻﾝ古墳08.jpg","Kumamoto\Kumamoto_Chibusan\Kumamoto_Chibusan_08.jpg","OK_extra"
"熊本県\熊本33_チブサン古墳\ﾁﾌﾞｻﾝ古墳09.jpg","Kumamoto\Kumamoto_Chibusan\Kumamoto_Chibusan_09.jpg","OK_extra"
"熊本県\熊本34_馬塚古墳\43_34_4.jpg","Kumamoto\Kumamoto_Umazuka\Kumamoto_Umazuka_4.jpg","OK_extra"
"熊本県\熊本34_馬塚古墳\43_34_5.jpg","Kumamoto\Kumamoto_Umazuka\Kumamoto_Umazuka_5.jpg","OK_ledger"
"熊本県\熊本34_馬塚古墳\43_34_6.jpg","Kumamoto\Kumamoto_Umazuka\Kumamoto_Umazuka_6.jpg","OK_ledger"
"熊本県\熊本35_弁慶が穴古墳\43_35_1.JPG","Kumamoto\Kumamoto_Benkeigaana\Kumamoto_Benkeigaana_1.jpg","OK_extra"
"熊本県\熊本35_弁慶が穴古墳\43_35_10.jpg","Kumamoto\Kumamoto_Benkeigaana\Kumamoto_Benkeigaana_10.jpg","OK_extra"
"熊本県\熊本35_弁慶が穴古墳\43_35_11.jpg","Kumamoto\Kumamoto_Benkeigaana\Kumamoto_Benkeigaana_11.jpg","OK_extra"
"熊本県\熊本35_弁慶が穴古墳\43_35_12.JPG","Kumamoto\Kumamoto_Benkeigaana\Kumamoto_Benkeigaana_12.jpg","OK_extra"
"熊本県\熊本35_弁慶が穴古墳\43_35_2.JPG","Kumamoto\Kumamoto_Benkeigaana\Kumamoto_Benkeigaana_2.jpg","OK_extra"
"熊本県\熊本35_弁慶が穴古墳\43_35_3.JPG","Kumamoto\Kumamoto_Benkeigaana\Kumamoto_Benkeigaana_3.jpg","OK_extra"
"熊本県\熊本35_弁慶が穴古墳\43_35_4.jpg","Kumamoto\Kumamoto_Benkeigaana\Kumamoto_Benkeigaana_4.jpg","OK_extra"
"熊本県\熊本35_弁慶が穴古墳\43_35_5.jpg","Kumamoto\Kumamoto_Benkeigaana\Kumamoto_Benkeigaana_5.jpg","OK_ledger"
"熊本県\熊本35_弁慶が穴古墳\43_35_6.jpg","Kumamoto\Kumamoto_Benkeigaana\Kumamoto_Benkeigaana_6.jpg","OK_ledger"
"熊本県\熊本35_弁慶が穴古墳\43_35_7.jpg","Kumamoto\Kumamoto_Benkeigaana\Kumamoto_Benkeigaana_7.jpg","OK_ledger"
"熊本県\熊本35_弁慶が穴古墳\43_35_8.jpg","Kumamoto\Kumamoto_Benkeigaana\Kumamoto_Benkeigaana_8.jpg","OK_ledger"
"熊本県\熊本35_弁慶が穴古墳\43_35_9.jpg","Kumamoto\Kumamoto_Benkeigaana\Kumamoto_Benkeigaana_9.jpg","OK_ledger"
"熊本県\熊本35_弁慶が穴古墳\弁慶穴古墳02.jpg","Kumamoto\Kumamoto_Benkeigaana\Kumamoto_Benkeigaana_02.jpg","OK_extra"
"熊本県\熊本35_弁慶が穴古墳\弁慶穴古墳03.jpg","Kumamoto\Kumamoto_Benkeigaana\Kumamoto_Benkeigaana_03.jpg","OK_extra"
"熊本県\熊本35_弁慶が穴古墳\弁慶穴古墳04.jpg","Kumamoto\Kumamoto_Benkeigaana\Kumamoto_Benkeigaana_04.jpg","OK_extra"
"熊本県\熊本35_弁慶が穴古墳\弁慶穴古墳05.jpg","Kumamoto\Kumamoto_Benkeigaana\Kumamoto_Benkeigaana_05.jpg","OK_extra"
"熊本県\熊本35_弁慶が穴古墳\弁慶穴古墳06.jpg","Kumamoto\Kumamoto_Benkeigaana\Kumamoto_Benkeigaana_06.jpg","OK_extra"
"熊本県\熊本35_弁慶が穴古墳\弁慶穴古墳07.jpg","Kumamoto\Kumamoto_Benkeigaana\Kumamoto_Benkeigaana_07.jpg","OK_extra"
"熊本県\熊本35_弁慶が穴古墳\弁慶穴古墳08.jpg","Kumamoto\Kumamoto_Benkeigaana\Kumamoto_Benkeigaana_08.jpg","OK_extra"
"熊本県\熊本45_長岩横穴墓群\43_45_10.jpg","Kumamoto\Kumamoto_Nagaiwa\Kumamoto_Nagaiwa_10.jpg","OK_ledger"
"熊本県\熊本45_長岩横穴墓群\43_45_11.jpg","Kumamoto\Kumamoto_Nagaiwa\Kumamoto_Nagaiwa_11.jpg","OK_ledger"
"熊本県\熊本45_長岩横穴墓群\43_45_12.jpg","Kumamoto\Kumamoto_Nagaiwa\Kumamoto_Nagaiwa_12.jpg","OK_ledger"
"熊本県\熊本45_長岩横穴墓群\43_45_13.jpg","Kumamoto\Kumamoto_Nagaiwa\Kumamoto_Nagaiwa_13.jpg","OK_ledger"
"熊本県\熊本45_長岩横穴墓群\43_45_14.jpg","Kumamoto\Kumamoto_Nagaiwa\Kumamoto_Nagaiwa_14.jpg","OK_ledger"
"熊本県\熊本45_長岩横穴墓群\43_45_15.jpg","Kumamoto\Kumamoto_Nagaiwa\Kumamoto_Nagaiwa_15.jpg","OK_ledger"
"熊本県\熊本45_長岩横穴墓群\43_45_16.JPG","Kumamoto\Kumamoto_Nagaiwa\Kumamoto_Nagaiwa_16.jpg","OK_extra"
"熊本県\熊本45_長岩横穴墓群\43_45_17.JPG","Kumamoto\Kumamoto_Nagaiwa\Kumamoto_Nagaiwa_17.jpg","OK_extra"
"熊本県\熊本45_長岩横穴墓群\43_45_2.jpg","Kumamoto\Kumamoto_Nagaiwa\Kumamoto_Nagaiwa_2.jpg","OK_extra"
"熊本県\熊本45_長岩横穴墓群\43_45_3.JPG","Kumamoto\Kumamoto_Nagaiwa\Kumamoto_Nagaiwa_3.jpg","OK_extra"
"熊本県\熊本45_長岩横穴墓群\43_45_4.jpg","Kumamoto\Kumamoto_Nagaiwa\Kumamoto_Nagaiwa_4.jpg","OK_extra"
"熊本県\熊本45_長岩横穴墓群\43_45_5.jpg","Kumamoto\Kumamoto_Nagaiwa\Kumamoto_Nagaiwa_5.jpg","OK_ledger"
"熊本県\熊本45_長岩横穴墓群\43_45_6.jpg","Kumamoto\Kumamoto_Nagaiwa\Kumamoto_Nagaiwa_6.jpg","OK_extra"
"熊本県\熊本45_長岩横穴墓群\43_45_7.jpg","Kumamoto\Kumamoto_Nagaiwa\Kumamoto_Nagaiwa_7.jpg","OK_ledger"
"熊本県\熊本45_長岩横穴墓群\43_45_8.jpg","Kumamoto\Kumamoto_Nagaiwa\Kumamoto_Nagaiwa_8.jpg","OK_ledger"
"熊本県\熊本45_長岩横穴墓群\43_45_9.jpg","Kumamoto\Kumamoto_Nagaiwa\Kumamoto_Nagaiwa_9.jpg","OK_ledger"
"熊本県\熊本45_長岩横穴墓群\長岩横穴群02-1.jpg","Kumamoto\Kumamoto_Nagaiwa\Kumamoto_Nagaiwa_1.jpg","OK_extra"
"熊本県\熊本45_長岩横穴墓群\長岩横穴群02-2.jpg","Kumamoto\Kumamoto_Nagaiwa\Kumamoto_Nagaiwa_2_dup1.jpg","OK_extra"
"熊本県\熊本45_長岩横穴墓群\長岩横穴群03.jpg","Kumamoto\Kumamoto_Nagaiwa\Kumamoto_Nagaiwa_03.jpg","OK_extra"
"熊本県\熊本54_鍋田横穴墓群\43_54_1.JPG","Kumamoto\Kumamoto_Nabeta\Kumamoto_Nabeta_1.jpg","OK_extra"
"熊本県\熊本54_鍋田横穴墓群\43_54_10.JPG","Kumamoto\Kumamoto_Nabeta\Kumamoto_Nabeta_10.jpg","OK_extra"
"熊本県\熊本54_鍋田横穴墓群\43_54_2.JPG","Kumamoto\Kumamoto_Nabeta\Kumamoto_Nabeta_2.jpg","OK_extra"
"熊本県\熊本54_鍋田横穴墓群\43_54_3.jpg","Kumamoto\Kumamoto_Nabeta\Kumamoto_Nabeta_3.jpg","OK_extra"
"熊本県\熊本54_鍋田横穴墓群\43_54_4.jpg","Kumamoto\Kumamoto_Nabeta\Kumamoto_Nabeta_4.jpg","OK_extra"
"熊本県\熊本54_鍋田横穴墓群\43_54_5.jpg","Kumamoto\Kumamoto_Nabeta\Kumamoto_Nabeta_5.jpg","OK_ledger"
"熊本県\熊本54_鍋田横穴墓群\43_54_6.jpg","Kumamoto\Kumamoto_Nabeta\Kumamoto_Nabeta_6.jpg","OK_ledger"
"熊本県\熊本54_鍋田横穴墓群\43_54_7.jpg","Kumamoto\Kumamoto_Nabeta\Kumamoto_Nabeta_7.jpg","OK_ledger"
"熊本県\熊本54_鍋田横穴墓群\43_54_8.jpg","Kumamoto\Kumamoto_Nabeta\Kumamoto_Nabeta_8.jpg","OK_ledger"
"熊本県\熊本54_鍋田横穴墓群\43_54_9.JPG","Kumamoto\Kumamoto_Nabeta\Kumamoto_Nabeta_9.jpg","OK_extra"
"熊本県\熊本54_鍋田横穴墓群\ﾅｷﾞﾉ横穴古墳02-2.jpg","Kumamoto\Kumamoto_Nabeta\Kumamoto_Nabeta_2_dup1.jpg","OK_extra"
"熊本県\熊本54_鍋田横穴墓群\ﾅﾍﾞﾀ横穴古墳01-2.jpg","Kumamoto\Kumamoto_Nabeta\Kumamoto_Nabeta_2_dup2.jpg","OK_extra"
"熊本県\熊本54_鍋田横穴墓群\ﾅﾍﾞﾀ横穴古墳04.jpg","Kumamoto\Kumamoto_Nabeta\Kumamoto_Nabeta_04.jpg","OK_extra"
"熊本県\熊本54_鍋田横穴墓群\ﾅﾍﾞﾀ横穴古墳06.jpg","Kumamoto\Kumamoto_Nabeta\Kumamoto_Nabeta_06.jpg","OK_extra"
"熊本県\熊本62_付城横穴墓群\43_62_4.jpg","Kumamoto\Kumamoto_Tsukejiro\Kumamoto_Tsukejiro_4.jpg","OK_extra"
"熊本県\熊本62_付城横穴墓群\43_62_5.jpg","Kumamoto\Kumamoto_Tsukejiro\Kumamoto_Tsukejiro_5.jpg","OK_ledger"
"熊本県\熊本62_付城横穴墓群\43_62_6.jpg","Kumamoto\Kumamoto_Tsukejiro\Kumamoto_Tsukejiro_6.jpg","OK_ledger"
"熊本県\熊本62_付城横穴墓群\43_62_7.jpg","Kumamoto\Kumamoto_Tsukejiro\Kumamoto_Tsukejiro_7.jpg","OK_ledger"
"熊本県\熊本67_岩原横穴墓群\43_67_2.jpg","Kumamoto\Kumamoto_Iwabaru\Kumamoto_Iwabaru_2.jpg","OK_extra"
"熊本県\熊本67_岩原横穴墓群\43_67_4.jpg","Kumamoto\Kumamoto_Iwabaru\Kumamoto_Iwabaru_4.jpg","OK_extra"
"熊本県\熊本67_岩原横穴墓群\43_67_5.jpg","Kumamoto\Kumamoto_Iwabaru\Kumamoto_Iwabaru_5.jpg","OK_ledger"
"熊本県\熊本78_御霊塚古墳\43_78_5.jpg","Kumamoto\Kumamoto_Goryozuka\Kumamoto_Goryozuka_5.jpg","OK_ledger"
"熊本県\熊本78_御霊塚古墳\43_78_6.jpg","Kumamoto\Kumamoto_Goryozuka\Kumamoto_Goryozuka_6.jpg","OK_ledger"
"熊本県\熊本80_釜尾古墳\43_80_1.JPG","Kumamoto\Kumamoto_Kamao\Kumamoto_Kamao_1.jpg","OK_extra"
"熊本県\熊本80_釜尾古墳\43_80_10.JPG","Kumamoto\Kumamoto_Kamao\Kumamoto_Kamao_10.jpg","OK_ledger"
"熊本県\熊本80_釜尾古墳\43_80_11.JPG","Kumamoto\Kumamoto_Kamao\Kumamoto_Kamao_11.jpg","OK_extra"
"熊本県\熊本80_釜尾古墳\43_80_2.JPG","Kumamoto\Kumamoto_Kamao\Kumamoto_Kamao_2.jpg","OK_extra"
"熊本県\熊本80_釜尾古墳\43_80_3.JPG","Kumamoto\Kumamoto_Kamao\Kumamoto_Kamao_3.jpg","OK_extra"
"熊本県\熊本80_釜尾古墳\43_80_4.jpg","Kumamoto\Kumamoto_Kamao\Kumamoto_Kamao_4.jpg","OK_extra"
"熊本県\熊本80_釜尾古墳\43_80_5.jpg","Kumamoto\Kumamoto_Kamao\Kumamoto_Kamao_5.jpg","OK_ledger"
"熊本県\熊本80_釜尾古墳\43_80_6.jpg","Kumamoto\Kumamoto_Kamao\Kumamoto_Kamao_6.jpg","OK_ledger"
"熊本県\熊本80_釜尾古墳\43_80_7.jpg","Kumamoto\Kumamoto_Kamao\Kumamoto_Kamao_7.jpg","OK_ledger"
"熊本県\熊本80_釜尾古墳\43_80_8.jpg","Kumamoto\Kumamoto_Kamao\Kumamoto_Kamao_8.jpg","OK_ledger"
"熊本県\熊本80_釜尾古墳\43_80_9.jpg","Kumamoto\Kumamoto_Kamao\Kumamoto_Kamao_9.jpg","OK_ledger"
"熊本県\熊本82_千金甲３号古墳\千金甲３号古墳01.jpg","","SKIP_folder_not_in_map"
"熊本県\熊本82_千金甲３号古墳\千金甲３号古墳02.jpg","","SKIP_folder_not_in_map"
"熊本県\熊本82_千金甲３号古墳\千金甲３号古墳03.jpg","","SKIP_folder_not_in_map"
"熊本県\熊本83_千金甲１号古墳\43_83_1.JPG","Kumamoto\Kumamoto_Segonkou_No1\Kumamoto_Segonkou_No1_1.jpg","OK_extra"
"熊本県\熊本83_千金甲１号古墳\43_83_10.JPG","Kumamoto\Kumamoto_Segonkou_No1\Kumamoto_Segonkou_No1_10.jpg","OK_extra"
"熊本県\熊本83_千金甲１号古墳\43_83_11.JPG","Kumamoto\Kumamoto_Segonkou_No1\Kumamoto_Segonkou_No1_11.jpg","OK_ledger"
"熊本県\熊本83_千金甲１号古墳\43_83_12.JPG","Kumamoto\Kumamoto_Segonkou_No1\Kumamoto_Segonkou_No1_12.jpg","OK_extra"
"熊本県\熊本83_千金甲１号古墳\43_83_2.JPG","Kumamoto\Kumamoto_Segonkou_No1\Kumamoto_Segonkou_No1_2.jpg","OK_extra"
"熊本県\熊本83_千金甲１号古墳\43_83_3.JPG","Kumamoto\Kumamoto_Segonkou_No1\Kumamoto_Segonkou_No1_3.jpg","OK_extra"
"熊本県\熊本83_千金甲１号古墳\43_83_4.jpg","Kumamoto\Kumamoto_Segonkou_No1\Kumamoto_Segonkou_No1_4.jpg","OK_extra"
"熊本県\熊本83_千金甲１号古墳\43_83_5.jpg","Kumamoto\Kumamoto_Segonkou_No1\Kumamoto_Segonkou_No1_5.jpg","OK_ledger"
"熊本県\熊本83_千金甲１号古墳\43_83_6.jpg","Kumamoto\Kumamoto_Segonkou_No1\Kumamoto_Segonkou_No1_6.jpg","OK_ledger"
"熊本県\熊本83_千金甲１号古墳\43_83_7.jpg","Kumamoto\Kumamoto_Segonkou_No1\Kumamoto_Segonkou_No1_7.jpg","OK_ledger"
"熊本県\熊本83_千金甲１号古墳\43_83_8.jpg","Kumamoto\Kumamoto_Segonkou_No1\Kumamoto_Segonkou_No1_8.jpg","OK_ledger"
"熊本県\熊本83_千金甲１号古墳\43_83_9.jpg","Kumamoto\Kumamoto_Segonkou_No1\Kumamoto_Segonkou_No1_9.jpg","OK_ledger"
"熊本県\熊本83_千金甲１号古墳\千金甲古墳02.jpg","Kumamoto\Kumamoto_Segonkou_No1\Kumamoto_Segonkou_No1_02.jpg","OK_extra"
"熊本県\熊本83_千金甲１号古墳\千金甲古墳03-2.jpg","Kumamoto\Kumamoto_Segonkou_No1\Kumamoto_Segonkou_No1_2_dup1.jpg","OK_extra"
"熊本県\熊本83_千金甲１号古墳\千金甲古墳04.jpg","Kumamoto\Kumamoto_Segonkou_No1\Kumamoto_Segonkou_No1_04.jpg","OK_extra"
"熊本県\熊本83_千金甲１号古墳\千金甲古墳05.jpg","Kumamoto\Kumamoto_Segonkou_No1\Kumamoto_Segonkou_No1_05.jpg","OK_extra"
"熊本県\熊本83_千金甲１号古墳\千金甲古墳06.jpg","Kumamoto\Kumamoto_Segonkou_No1\Kumamoto_Segonkou_No1_06.jpg","OK_extra"
"熊本県\熊本83_千金甲１号古墳\千金甲古墳07.jpg","Kumamoto\Kumamoto_Segonkou_No1\Kumamoto_Segonkou_No1_07.jpg","OK_extra"
"熊本県\熊本83_千金甲１号古墳\千金甲古墳08.jpg","Kumamoto\Kumamoto_Segonkou_No1\Kumamoto_Segonkou_No1_08.jpg","OK_extra"
"熊本県\熊本83_千金甲１号古墳\千金甲古墳09.jpg","Kumamoto\Kumamoto_Segonkou_No1\Kumamoto_Segonkou_No1_09.jpg","OK_extra"
"熊本県\熊本83_千金甲１号古墳\千金甲古墳10.jpg","Kumamoto\Kumamoto_Segonkou_No1\Kumamoto_Segonkou_No1_10_dup1.jpg","OK_extra"
"熊本県\熊本83_千金甲１号古墳\千金甲古墳11.jpg","Kumamoto\Kumamoto_Segonkou_No1\Kumamoto_Segonkou_No1_11_dup1.jpg","OK_extra"
"熊本県\熊本83_千金甲１号古墳\千金甲古墳12.jpg","Kumamoto\Kumamoto_Segonkou_No1\Kumamoto_Segonkou_No1_12_dup1.jpg","OK_extra"
"熊本県\熊本83_千金甲１号古墳\千金甲古墳13.jpg","Kumamoto\Kumamoto_Segonkou_No1\Kumamoto_Segonkou_No1_13.jpg","OK_extra"
"熊本県\熊本83_千金甲１号古墳\千金甲古墳14.jpg","Kumamoto\Kumamoto_Segonkou_No1\Kumamoto_Segonkou_No1_14.jpg","OK_extra"
"熊本県\熊本84_中郡古墳\43_84_2.JPG","Kumamoto\Kumamoto_Nakagori\Kumamoto_Nakagori_2.jpg","OK_extra"
"熊本県\熊本84_中郡古墳\43_84_3.JPG","Kumamoto\Kumamoto_Nakagori\Kumamoto_Nakagori_3.jpg","OK_extra"
"熊本県\熊本84_中郡古墳\43_84_5.jpg","Kumamoto\Kumamoto_Nakagori\Kumamoto_Nakagori_5.jpg","OK_ledger"
"熊本県\熊本85_今城大塚古墳\43_85_2.JPG","Kumamoto\Kumamoto_Imajo_Otsuka\Kumamoto_Imajo_Otsuka_2.jpg","OK_extra"
"熊本県\熊本85_今城大塚古墳\43_85_3.JPG","Kumamoto\Kumamoto_Imajo_Otsuka\Kumamoto_Imajo_Otsuka_3.jpg","OK_extra"
"熊本県\熊本85_今城大塚古墳\43_85_5.jpg","Kumamoto\Kumamoto_Imajo_Otsuka\Kumamoto_Imajo_Otsuka_5.jpg","OK_ledger"
"熊本県\熊本85_今城大塚古墳\43_85_6.jpg","Kumamoto\Kumamoto_Imajo_Otsuka\Kumamoto_Imajo_Otsuka_6.jpg","OK_ledger"
"熊本県\熊本85_今城大塚古墳\43_85_7.jpg","Kumamoto\Kumamoto_Imajo_Otsuka\Kumamoto_Imajo_Otsuka_7.jpg","OK_ledger"
"熊本県\熊本88_大村横穴墓群\43_88_1.JPG","Kumamoto\Kumamoto_Omura\Kumamoto_Omura_1.jpg","OK_extra"
"熊本県\熊本88_大村横穴墓群\43_88_10.jpg","Kumamoto\Kumamoto_Omura\Kumamoto_Omura_10.jpg","OK_ledger"
"熊本県\熊本88_大村横穴墓群\43_88_11.JPG","Kumamoto\Kumamoto_Omura\Kumamoto_Omura_11.jpg","OK_ledger"
"熊本県\熊本88_大村横穴墓群\43_88_12.JPG","Kumamoto\Kumamoto_Omura\Kumamoto_Omura_12.jpg","OK_extra"
"熊本県\熊本88_大村横穴墓群\43_88_13.jpg","Kumamoto\Kumamoto_Omura\Kumamoto_Omura_13.jpg","OK_ledger"
"熊本県\熊本88_大村横穴墓群\43_88_14.JPG","Kumamoto\Kumamoto_Omura\Kumamoto_Omura_14.jpg","OK_ledger"
"熊本県\熊本88_大村横穴墓群\43_88_15.jpg","Kumamoto\Kumamoto_Omura\Kumamoto_Omura_15.jpg","OK_ledger"
"熊本県\熊本88_大村横穴墓群\43_88_16.JPG","Kumamoto\Kumamoto_Omura\Kumamoto_Omura_16.jpg","OK_extra"
"熊本県\熊本88_大村横穴墓群\43_88_17.JPG","Kumamoto\Kumamoto_Omura\Kumamoto_Omura_17.jpg","OK_extra"
"熊本県\熊本88_大村横穴墓群\43_88_18.JPG","Kumamoto\Kumamoto_Omura\Kumamoto_Omura_18.jpg","OK_extra"
"熊本県\熊本88_大村横穴墓群\43_88_2.JPG","Kumamoto\Kumamoto_Omura\Kumamoto_Omura_2.jpg","OK_extra"
"熊本県\熊本88_大村横穴墓群\43_88_3.JPG","Kumamoto\Kumamoto_Omura\Kumamoto_Omura_3.jpg","OK_extra"
"熊本県\熊本88_大村横穴墓群\43_88_5.jpg","Kumamoto\Kumamoto_Omura\Kumamoto_Omura_5.jpg","OK_ledger"
"熊本県\熊本88_大村横穴墓群\43_88_6.jpg","Kumamoto\Kumamoto_Omura\Kumamoto_Omura_6.jpg","OK_ledger"
"熊本県\熊本88_大村横穴墓群\43_88_7.JPG","Kumamoto\Kumamoto_Omura\Kumamoto_Omura_7.jpg","OK_ledger"
"熊本県\熊本88_大村横穴墓群\43_88_8.JPG","Kumamoto\Kumamoto_Omura\Kumamoto_Omura_8.jpg","OK_extra"
"熊本県\熊本88_大村横穴墓群\43_88_9.jpg","Kumamoto\Kumamoto_Omura\Kumamoto_Omura_9.jpg","OK_ledger"
"熊本県\熊本95_京ヶ峰１号横穴墓\43_95_1.JPG","Kumamoto\Kumamoto_Kyogamine_No1\Kumamoto_Kyogamine_No1_1.jpg","OK_extra"
"熊本県\熊本95_京ヶ峰１号横穴墓\43_95_2.JPG","Kumamoto\Kumamoto_Kyogamine_No1\Kumamoto_Kyogamine_No1_2.jpg","OK_extra"
"熊本県\熊本95_京ヶ峰１号横穴墓\43_95_3.JPG","Kumamoto\Kumamoto_Kyogamine_No1\Kumamoto_Kyogamine_No1_3.jpg","OK_extra"
"熊本県\熊本95_京ヶ峰１号横穴墓\43_95_5.jpg","Kumamoto\Kumamoto_Kyogamine_No1\Kumamoto_Kyogamine_No1_5.jpg","OK_ledger"
"熊本県\熊本95_京ヶ峰１号横穴墓\43_95_6.jpg","Kumamoto\Kumamoto_Kyogamine_No1\Kumamoto_Kyogamine_No1_6.jpg","OK_ledger"
"熊本県\熊本95_京ヶ峰１号横穴墓\43_95_7.JPG","Kumamoto\Kumamoto_Kyogamine_No1\Kumamoto_Kyogamine_No1_7.jpg","OK_ledger"
"熊本県\熊本95_京ヶ峰１号横穴墓\43_95_8.jpg","Kumamoto\Kumamoto_Kyogamine_No1\Kumamoto_Kyogamine_No1_8.jpg","OK_ledger"
"熊本県\熊本95_京ヶ峰１号横穴墓\43_95_9.JPG","Kumamoto\Kumamoto_Kyogamine_No1\Kumamoto_Kyogamine_No1_9.jpg","OK_ledger"
"熊本県\熊本98_江田穴観音古墳\43_98_1.JPG","Kumamoto\Kumamoto_Eta_Anakannon\Kumamoto_Eta_Anakannon_1.jpg","OK_extra"
"熊本県\熊本98_江田穴観音古墳\43_98_2.JPG","Kumamoto\Kumamoto_Eta_Anakannon\Kumamoto_Eta_Anakannon_2.jpg","OK_extra"
"熊本県\熊本98_江田穴観音古墳\43_98_3.JPG","Kumamoto\Kumamoto_Eta_Anakannon\Kumamoto_Eta_Anakannon_3.jpg","OK_extra"
"熊本県\熊本98_江田穴観音古墳\43_98_4.jpg","Kumamoto\Kumamoto_Eta_Anakannon\Kumamoto_Eta_Anakannon_4.jpg","OK_extra"
"熊本県\熊本98_江田穴観音古墳\43_98_5.JPG","Kumamoto\Kumamoto_Eta_Anakannon\Kumamoto_Eta_Anakannon_5.jpg","OK_ledger"
"熊本県\熊本98_江田穴観音古墳\43_98_6.JPG","Kumamoto\Kumamoto_Eta_Anakannon\Kumamoto_Eta_Anakannon_6.jpg","OK_extra"
"熊本県\熊本98_江田穴観音古墳\穴観音横穴古墳01.jpg","Kumamoto\Kumamoto_Eta_Anakannon\Kumamoto_Eta_Anakannon_01.jpg","OK_extra"
"熊本県\熊本98_江田穴観音古墳\穴観音横穴古墳02-1.jpg","Kumamoto\Kumamoto_Eta_Anakannon\Kumamoto_Eta_Anakannon_1_dup1.jpg","OK_extra"
"熊本県\熊本98_江田穴観音古墳\穴観音横穴古墳02-2.jpg","Kumamoto\Kumamoto_Eta_Anakannon\Kumamoto_Eta_Anakannon_2_dup1.jpg","OK_extra"
"熊本県\熊本98_江田穴観音古墳\穴観音横穴古墳03.jpg","Kumamoto\Kumamoto_Eta_Anakannon\Kumamoto_Eta_Anakannon_03.jpg","OK_extra"
"熊本県\熊本99_桜ノ上横穴\桜ノ上横穴群03.jpg","","SKIP_folder_not_in_map"
"熊本県\熊本99_桜ノ上横穴\桜ノ上横穴群04.jpg","","SKIP_folder_not_in_map"
"熊本県\熊本9_大坊古墳\43_9_1.JPG","Kumamoto\Kumamoto_Daibo\Kumamoto_Daibo_1.jpg","OK_extra"
"熊本県\熊本9_大坊古墳\43_9_2.JPG","Kumamoto\Kumamoto_Daibo\Kumamoto_Daibo_2.jpg","OK_extra"
"熊本県\熊本9_大坊古墳\43_9_3.JPG","Kumamoto\Kumamoto_Daibo\Kumamoto_Daibo_3.jpg","OK_extra"
"熊本県\熊本9_大坊古墳\43_9_4.jpg","Kumamoto\Kumamoto_Daibo\Kumamoto_Daibo_4.jpg","OK_extra"
"熊本県\熊本9_大坊古墳\43_9_5.jpg","Kumamoto\Kumamoto_Daibo\Kumamoto_Daibo_5.jpg","OK_ledger"
"熊本県\熊本9_大坊古墳\43_9_6.jpg","Kumamoto\Kumamoto_Daibo\Kumamoto_Daibo_6.jpg","OK_ledger"
"熊本県\熊本9_大坊古墳\43_9_7.JPG","Kumamoto\Kumamoto_Daibo\Kumamoto_Daibo_7.jpg","OK_ledger"
"熊本県\熊本9_大坊古墳\大坊古墳02.jpg","Kumamoto\Kumamoto_Daibo\Kumamoto_Daibo_02.jpg","OK_extra"
"熊本県\熊本9_大坊古墳\大坊古墳03.jpg","Kumamoto\Kumamoto_Daibo\Kumamoto_Daibo_03.jpg","OK_extra"
"神奈川県\神奈川13_箕輪洞谷横穴墓群\14_13_1.JPG","Kanagawa\Kanagawa_Minowa_Douyato\Kanagawa_Minowa_Douyato_1.jpg","OK_extra"
"神奈川県\神奈川13_箕輪洞谷横穴墓群\14_13_2.JPG","Kanagawa\Kanagawa_Minowa_Douyato\Kanagawa_Minowa_Douyato_2.jpg","OK_extra"
"神奈川県\神奈川13_箕輪洞谷横穴墓群\14_13_3.JPG","Kanagawa\Kanagawa_Minowa_Douyato\Kanagawa_Minowa_Douyato_3.jpg","OK_extra"
"神奈川県\神奈川13_箕輪洞谷横穴墓群\14_13_5.JPG","Kanagawa\Kanagawa_Minowa_Douyato\Kanagawa_Minowa_Douyato_5.jpg","OK_extra"
"神奈川県\神奈川13_箕輪洞谷横穴墓群\14_13_6.JPG","Kanagawa\Kanagawa_Minowa_Douyato\Kanagawa_Minowa_Douyato_6.jpg","OK_extra"
"神奈川県\神奈川1_馬絹古墳\14_1_1.JPG","Kanagawa\Kanagawa_Umaginu\Kanagawa_Umaginu_1.jpg","OK_extra"
"神奈川県\神奈川1_馬絹古墳\14_1_10.JPG","Kanagawa\Kanagawa_Umaginu\Kanagawa_Umaginu_10.jpg","OK_extra"
"神奈川県\神奈川1_馬絹古墳\14_1_11.JPG","Kanagawa\Kanagawa_Umaginu\Kanagawa_Umaginu_11.jpg","OK_extra"
"神奈川県\神奈川1_馬絹古墳\14_1_12.JPG","Kanagawa\Kanagawa_Umaginu\Kanagawa_Umaginu_12.jpg","OK_extra"
"神奈川県\神奈川1_馬絹古墳\14_1_2.JPG","Kanagawa\Kanagawa_Umaginu\Kanagawa_Umaginu_2.jpg","OK_extra"
"神奈川県\神奈川1_馬絹古墳\14_1_3.JPG","Kanagawa\Kanagawa_Umaginu\Kanagawa_Umaginu_3.jpg","OK_extra"
"神奈川県\神奈川1_馬絹古墳\14_1_5.JPG","Kanagawa\Kanagawa_Umaginu\Kanagawa_Umaginu_5.jpg","OK_extra"
"神奈川県\神奈川1_馬絹古墳\14_1_6.JPG","Kanagawa\Kanagawa_Umaginu\Kanagawa_Umaginu_6.jpg","OK_extra"
"神奈川県\神奈川1_馬絹古墳\14_1_7.JPG","Kanagawa\Kanagawa_Umaginu\Kanagawa_Umaginu_7.jpg","OK_extra"
"神奈川県\神奈川1_馬絹古墳\14_1_8.JPG","Kanagawa\Kanagawa_Umaginu\Kanagawa_Umaginu_8.jpg","OK_extra"
"神奈川県\神奈川1_馬絹古墳\14_1_9.JPG","Kanagawa\Kanagawa_Umaginu\Kanagawa_Umaginu_9.jpg","OK_extra"
"神奈川県\神奈川23_洗馬谷横穴墓群\14_23_2.JPG","Kanagawa\Kanagawa_Senbagaya\Kanagawa_Senbagaya_2.jpg","OK_extra"
"神奈川県\神奈川23_洗馬谷横穴墓群\14_23_3.JPG","Kanagawa\Kanagawa_Senbagaya\Kanagawa_Senbagaya_3.jpg","OK_extra"
"神奈川県\神奈川23_洗馬谷横穴墓群\14_23_5.JPG","Kanagawa\Kanagawa_Senbagaya\Kanagawa_Senbagaya_5.jpg","OK_ledger"
"神奈川県\神奈川23_洗馬谷横穴墓群\14_23_6.JPG","Kanagawa\Kanagawa_Senbagaya\Kanagawa_Senbagaya_6.jpg","OK_ledger"
"神奈川県\神奈川32_越の山横穴墓群\14_32_1.JPG","Kanagawa\Kanagawa_Koshinoyama\Kanagawa_Koshinoyama_1.jpg","OK_extra"
"神奈川県\神奈川32_越の山横穴墓群\14_32_2.JPG","Kanagawa\Kanagawa_Koshinoyama\Kanagawa_Koshinoyama_2.jpg","OK_extra"
"神奈川県\神奈川32_越の山横穴墓群\14_32_3.JPG","Kanagawa\Kanagawa_Koshinoyama\Kanagawa_Koshinoyama_3.jpg","OK_extra"
"神奈川県\神奈川32_越の山横穴墓群\14_32_5.JPG","Kanagawa\Kanagawa_Koshinoyama\Kanagawa_Koshinoyama_5.jpg","OK_extra"
"神奈川県\神奈川50_羽根尾横穴墓群\14_50_1.JPG","Kanagawa\Kanagawa_Haneo\Kanagawa_Haneo_1.jpg","OK_extra"
"神奈川県\神奈川50_羽根尾横穴墓群\14_50_2.JPG","Kanagawa\Kanagawa_Haneo\Kanagawa_Haneo_2.jpg","OK_extra"
"神奈川県\神奈川50_羽根尾横穴墓群\14_50_3.JPG","Kanagawa\Kanagawa_Haneo\Kanagawa_Haneo_3.jpg","OK_extra"
"神奈川県\神奈川50_羽根尾横穴墓群\14_50_5.JPG","Kanagawa\Kanagawa_Haneo\Kanagawa_Haneo_5.jpg","OK_ledger"
"神奈川県\神奈川50_羽根尾横穴墓群\14_50_6.JPG","Kanagawa\Kanagawa_Haneo\Kanagawa_Haneo_6.jpg","OK_extra"
"神奈川県\神奈川50_羽根尾横穴墓群\14_50_7.JPG","Kanagawa\Kanagawa_Haneo\Kanagawa_Haneo_7.jpg","OK_extra"
"神奈川県\神奈川50_羽根尾横穴墓群\14_50_8.JPG","Kanagawa\Kanagawa_Haneo\Kanagawa_Haneo_8.jpg","OK_extra"
"神奈川県\神奈川50_羽根尾横穴墓群\14_50_9.JPG","Kanagawa\Kanagawa_Haneo\Kanagawa_Haneo_9.jpg","OK_extra"
"神奈川県\神奈川8_熊ケ谷横穴墓\14_8_1.JPG","Kanagawa\Kanagawa_Kumagaya\Kanagawa_Kumagaya_1.jpg","OK_extra"
"神奈川県\神奈川8_熊ケ谷横穴墓\14_8_2.JPG","Kanagawa\Kanagawa_Kumagaya\Kanagawa_Kumagaya_2.jpg","OK_extra"
"神奈川県\神奈川8_熊ケ谷横穴墓\14_8_3.JPG","Kanagawa\Kanagawa_Kumagaya\Kanagawa_Kumagaya_3.jpg","OK_extra"
"神奈川県\神奈川8_熊ケ谷横穴墓\14_8_5.JPG","Kanagawa\Kanagawa_Kumagaya\Kanagawa_Kumagaya_5.jpg","OK_extra"
"神奈川県\神奈川8_熊ケ谷横穴墓\14_8_6.JPG","Kanagawa\Kanagawa_Kumagaya\Kanagawa_Kumagaya_6.jpg","OK_extra"
"神奈川県\神奈川8_熊ケ谷横穴墓\14_8_7.JPG","Kanagawa\Kanagawa_Kumagaya\Kanagawa_Kumagaya_7.jpg","OK_extra"
"神奈川県\神奈川8_熊ケ谷横穴墓\14_8_8.JPG","Kanagawa\Kanagawa_Kumagaya\Kanagawa_Kumagaya_8.jpg","OK_extra"
"福井県\福井1_小山谷古墳\18_1_1.JPG","Fukui\Fukui_Koyamadani\Fukui_Koyamadani_1.jpg","OK_extra"
"福井県\福井1_小山谷古墳\18_1_2.JPG","Fukui\Fukui_Koyamadani\Fukui_Koyamadani_2.jpg","OK_extra"
"福井県\福井1_小山谷古墳\18_1_3.JPG","Fukui\Fukui_Koyamadani\Fukui_Koyamadani_3.jpg","OK_extra"
"福井県\福井1_小山谷古墳\18_1_5.JPG","Fukui\Fukui_Koyamadani\Fukui_Koyamadani_5.jpg","OK_extra"
"福井県\福井2_山頂古墳\18_2_1.JPG","Fukui\Fukui_Sancho\Fukui_Sancho_1.jpg","OK_extra"
"福井県\福井2_山頂古墳\18_2_2.JPG","Fukui\Fukui_Sancho\Fukui_Sancho_2.jpg","OK_extra"
"福井県\福井2_山頂古墳\18_2_3.JPG","Fukui\Fukui_Sancho\Fukui_Sancho_3.jpg","OK_extra"
"福岡県\福岡12_珍敷塚古墳\40_12_1.JPG","Fukuoka\Fukuoka_Mezurashizuka\Fukuoka_Mezurashizuka_1.jpg","OK_extra"
"福岡県\福岡12_珍敷塚古墳\40_12_10.jpg","Fukuoka\Fukuoka_Mezurashizuka\Fukuoka_Mezurashizuka_10.jpg","OK_ledger"
"福岡県\福岡12_珍敷塚古墳\40_12_11.jpg","Fukuoka\Fukuoka_Mezurashizuka\Fukuoka_Mezurashizuka_11.jpg","OK_ledger"
"福岡県\福岡12_珍敷塚古墳\40_12_12.jpg","Fukuoka\Fukuoka_Mezurashizuka\Fukuoka_Mezurashizuka_12.jpg","OK_ledger"
"福岡県\福岡12_珍敷塚古墳\40_12_13.JPG","Fukuoka\Fukuoka_Mezurashizuka\Fukuoka_Mezurashizuka_13.jpg","OK_ledger"
"福岡県\福岡12_珍敷塚古墳\40_12_14.JPG","Fukuoka\Fukuoka_Mezurashizuka\Fukuoka_Mezurashizuka_14.jpg","OK_extra"
"福岡県\福岡12_珍敷塚古墳\40_12_15.JPG","Fukuoka\Fukuoka_Mezurashizuka\Fukuoka_Mezurashizuka_15.jpg","OK_extra"
"福岡県\福岡12_珍敷塚古墳\40_12_2.JPG","Fukuoka\Fukuoka_Mezurashizuka\Fukuoka_Mezurashizuka_2.jpg","OK_extra"
"福岡県\福岡12_珍敷塚古墳\40_12_3.JPG","Fukuoka\Fukuoka_Mezurashizuka\Fukuoka_Mezurashizuka_3.jpg","OK_extra"
"福岡県\福岡12_珍敷塚古墳\40_12_4.jpg","Fukuoka\Fukuoka_Mezurashizuka\Fukuoka_Mezurashizuka_4.jpg","OK_extra"
"福岡県\福岡12_珍敷塚古墳\40_12_5.jpg","Fukuoka\Fukuoka_Mezurashizuka\Fukuoka_Mezurashizuka_5.jpg","OK_ledger"
"福岡県\福岡12_珍敷塚古墳\40_12_6.jpg","Fukuoka\Fukuoka_Mezurashizuka\Fukuoka_Mezurashizuka_6.jpg","OK_ledger"
"福岡県\福岡12_珍敷塚古墳\40_12_7.jpg","Fukuoka\Fukuoka_Mezurashizuka\Fukuoka_Mezurashizuka_7.jpg","OK_ledger"
"福岡県\福岡12_珍敷塚古墳\40_12_8.jpg","Fukuoka\Fukuoka_Mezurashizuka\Fukuoka_Mezurashizuka_8.jpg","OK_ledger"
"福岡県\福岡12_珍敷塚古墳\40_12_9.jpg","Fukuoka\Fukuoka_Mezurashizuka\Fukuoka_Mezurashizuka_9.jpg","OK_ledger"
"福岡県\福岡13_原古墳\40_13_1.JPG","Fukuoka\Fukuoka_Hara\Fukuoka_Hara_1.jpg","OK_extra"
"福岡県\福岡13_原古墳\40_13_10.jpg","Fukuoka\Fukuoka_Hara\Fukuoka_Hara_10.jpg","OK_ledger"
"福岡県\福岡13_原古墳\40_13_2.JPG","Fukuoka\Fukuoka_Hara\Fukuoka_Hara_2.jpg","OK_extra"
"福岡県\福岡13_原古墳\40_13_3.JPG","Fukuoka\Fukuoka_Hara\Fukuoka_Hara_3.jpg","OK_extra"
"福岡県\福岡13_原古墳\40_13_4.jpg","Fukuoka\Fukuoka_Hara\Fukuoka_Hara_4.jpg","OK_extra"
"福岡県\福岡13_原古墳\40_13_5.jpg","Fukuoka\Fukuoka_Hara\Fukuoka_Hara_5.jpg","OK_ledger"
"福岡県\福岡13_原古墳\40_13_6.jpg","Fukuoka\Fukuoka_Hara\Fukuoka_Hara_6.jpg","OK_ledger"
"福岡県\福岡13_原古墳\40_13_7.jpg","Fukuoka\Fukuoka_Hara\Fukuoka_Hara_7.jpg","OK_ledger"
"福岡県\福岡13_原古墳\40_13_8.jpg","Fukuoka\Fukuoka_Hara\Fukuoka_Hara_8.jpg","OK_ledger"
"福岡県\福岡13_原古墳\40_13_9.jpg","Fukuoka\Fukuoka_Hara\Fukuoka_Hara_9.jpg","OK_ledger"
"福岡県\福岡14_鳥船塚古墳\40_14_1.JPG","Fukuoka\Fukuoka_Torifunezuka\Fukuoka_Torifunezuka_1.jpg","OK_extra"
"福岡県\福岡14_鳥船塚古墳\40_14_10.jpg","Fukuoka\Fukuoka_Torifunezuka\Fukuoka_Torifunezuka_10.jpg","OK_ledger"
"福岡県\福岡14_鳥船塚古墳\40_14_11.jpg","Fukuoka\Fukuoka_Torifunezuka\Fukuoka_Torifunezuka_11.jpg","OK_extra"
"福岡県\福岡14_鳥船塚古墳\40_14_12.jpg","Fukuoka\Fukuoka_Torifunezuka\Fukuoka_Torifunezuka_12.jpg","OK_extra"
"福岡県\福岡14_鳥船塚古墳\40_14_2.JPG","Fukuoka\Fukuoka_Torifunezuka\Fukuoka_Torifunezuka_2.jpg","OK_extra"
"福岡県\福岡14_鳥船塚古墳\40_14_3.JPG","Fukuoka\Fukuoka_Torifunezuka\Fukuoka_Torifunezuka_3.jpg","OK_extra"
"福岡県\福岡14_鳥船塚古墳\40_14_4.jpg","Fukuoka\Fukuoka_Torifunezuka\Fukuoka_Torifunezuka_4.jpg","OK_extra"
"福岡県\福岡14_鳥船塚古墳\40_14_5.jpg","Fukuoka\Fukuoka_Torifunezuka\Fukuoka_Torifunezuka_5.jpg","OK_ledger"
"福岡県\福岡14_鳥船塚古墳\40_14_6.jpg","Fukuoka\Fukuoka_Torifunezuka\Fukuoka_Torifunezuka_6.jpg","OK_ledger"
"福岡県\福岡14_鳥船塚古墳\40_14_7.jpg","Fukuoka\Fukuoka_Torifunezuka\Fukuoka_Torifunezuka_7.jpg","OK_ledger"
"福岡県\福岡14_鳥船塚古墳\40_14_8.jpg","Fukuoka\Fukuoka_Torifunezuka\Fukuoka_Torifunezuka_8.jpg","OK_ledger"
"福岡県\福岡14_鳥船塚古墳\40_14_9.jpg","Fukuoka\Fukuoka_Torifunezuka\Fukuoka_Torifunezuka_9.jpg","OK_ledger"
"福岡県\福岡15_古畑古墳\40_15_1.JPG","Fukuoka\Fukuoka_Furuhata\Fukuoka_Furuhata_1.jpg","OK_extra"
"福岡県\福岡15_古畑古墳\40_15_2.JPG","Fukuoka\Fukuoka_Furuhata\Fukuoka_Furuhata_2.jpg","OK_extra"
"福岡県\福岡15_古畑古墳\40_15_3.JPG","Fukuoka\Fukuoka_Furuhata\Fukuoka_Furuhata_3.jpg","OK_extra"
"福岡県\福岡15_古畑古墳\40_15_4.jpg","Fukuoka\Fukuoka_Furuhata\Fukuoka_Furuhata_4.jpg","OK_extra"
"福岡県\福岡15_古畑古墳\40_15_5.jpg","Fukuoka\Fukuoka_Furuhata\Fukuoka_Furuhata_5.jpg","OK_ledger"
"福岡県\福岡15_古畑古墳\40_15_6.jpg","Fukuoka\Fukuoka_Furuhata\Fukuoka_Furuhata_6.jpg","OK_ledger"
"福岡県\福岡15_古畑古墳\40_15_7.jpg","Fukuoka\Fukuoka_Furuhata\Fukuoka_Furuhata_7.jpg","OK_ledger"
"福岡県\福岡15_古畑古墳\古畑古墳02-1.jpg","Fukuoka\Fukuoka_Furuhata\Fukuoka_Furuhata_1_dup1.jpg","OK_extra"
"福岡県\福岡15_古畑古墳\古畑古墳02-2.jpg","Fukuoka\Fukuoka_Furuhata\Fukuoka_Furuhata_2_dup1.jpg","OK_extra"
"福岡県\福岡15_古畑古墳\古畑古墳03.jpg","Fukuoka\Fukuoka_Furuhata\Fukuoka_Furuhata_03.jpg","OK_extra"
"福岡県\福岡16_日岡古墳\40_16_1.JPG","Fukuoka\Fukuoka_Hinooka\Fukuoka_Hinooka_1.jpg","OK_extra"
"福岡県\福岡16_日岡古墳\40_16_10.jpg","Fukuoka\Fukuoka_Hinooka\Fukuoka_Hinooka_10.jpg","OK_ledger"
"福岡県\福岡16_日岡古墳\40_16_11.jpg","Fukuoka\Fukuoka_Hinooka\Fukuoka_Hinooka_11.jpg","OK_ledger"
"福岡県\福岡16_日岡古墳\40_16_12.jpg","Fukuoka\Fukuoka_Hinooka\Fukuoka_Hinooka_12.jpg","OK_ledger"
"福岡県\福岡16_日岡古墳\40_16_13.jpg","Fukuoka\Fukuoka_Hinooka\Fukuoka_Hinooka_13.jpg","OK_ledger"
"福岡県\福岡16_日岡古墳\40_16_14.jpg","Fukuoka\Fukuoka_Hinooka\Fukuoka_Hinooka_14.jpg","OK_ledger"
"福岡県\福岡16_日岡古墳\40_16_15.jpg","Fukuoka\Fukuoka_Hinooka\Fukuoka_Hinooka_15.jpg","OK_ledger"
"福岡県\福岡16_日岡古墳\40_16_16.jpg","Fukuoka\Fukuoka_Hinooka\Fukuoka_Hinooka_16.jpg","OK_ledger"
"福岡県\福岡16_日岡古墳\40_16_17.jpg","Fukuoka\Fukuoka_Hinooka\Fukuoka_Hinooka_17.jpg","OK_ledger"
"福岡県\福岡16_日岡古墳\40_16_18.jpg","Fukuoka\Fukuoka_Hinooka\Fukuoka_Hinooka_18.jpg","OK_ledger"
"福岡県\福岡16_日岡古墳\40_16_19.jpg","Fukuoka\Fukuoka_Hinooka\Fukuoka_Hinooka_19.jpg","OK_ledger"
"福岡県\福岡16_日岡古墳\40_16_2.JPG","Fukuoka\Fukuoka_Hinooka\Fukuoka_Hinooka_2.jpg","OK_extra"
"福岡県\福岡16_日岡古墳\40_16_20.jpg","Fukuoka\Fukuoka_Hinooka\Fukuoka_Hinooka_20.jpg","OK_ledger"
"福岡県\福岡16_日岡古墳\40_16_21.jpg","Fukuoka\Fukuoka_Hinooka\Fukuoka_Hinooka_21.jpg","OK_ledger"
"福岡県\福岡16_日岡古墳\40_16_22.jpg","Fukuoka\Fukuoka_Hinooka\Fukuoka_Hinooka_22.jpg","OK_ledger"
"福岡県\福岡16_日岡古墳\40_16_23.jpg","Fukuoka\Fukuoka_Hinooka\Fukuoka_Hinooka_23.jpg","OK_ledger"
"福岡県\福岡16_日岡古墳\40_16_24.jpg","Fukuoka\Fukuoka_Hinooka\Fukuoka_Hinooka_24.jpg","OK_ledger"
"福岡県\福岡16_日岡古墳\40_16_25.JPG","Fukuoka\Fukuoka_Hinooka\Fukuoka_Hinooka_25.jpg","OK_extra"
"福岡県\福岡16_日岡古墳\40_16_3.JPG","Fukuoka\Fukuoka_Hinooka\Fukuoka_Hinooka_3.jpg","OK_extra"
"福岡県\福岡16_日岡古墳\40_16_4.jpg","Fukuoka\Fukuoka_Hinooka\Fukuoka_Hinooka_4.jpg","OK_extra"
"福岡県\福岡16_日岡古墳\40_16_5.jpg","Fukuoka\Fukuoka_Hinooka\Fukuoka_Hinooka_5.jpg","OK_ledger"
"福岡県\福岡16_日岡古墳\40_16_6.jpg","Fukuoka\Fukuoka_Hinooka\Fukuoka_Hinooka_6.jpg","OK_ledger"
"福岡県\福岡16_日岡古墳\40_16_7.jpg","Fukuoka\Fukuoka_Hinooka\Fukuoka_Hinooka_7.jpg","OK_ledger"
"福岡県\福岡16_日岡古墳\40_16_8.jpg","Fukuoka\Fukuoka_Hinooka\Fukuoka_Hinooka_8.jpg","OK_ledger"
"福岡県\福岡16_日岡古墳\40_16_9.jpg","Fukuoka\Fukuoka_Hinooka\Fukuoka_Hinooka_9.jpg","OK_ledger"
"福岡県\福岡16_日岡古墳\日の岡古墳02-1.jpg","Fukuoka\Fukuoka_Hinooka\Fukuoka_Hinooka_1_dup1.jpg","OK_extra"
"福岡県\福岡16_日岡古墳\日の岡古墳02-2.jpg","Fukuoka\Fukuoka_Hinooka\Fukuoka_Hinooka_2_dup1.jpg","OK_extra"
"福岡県\福岡16_日岡古墳\日の岡古墳03-1.jpg","Fukuoka\Fukuoka_Hinooka\Fukuoka_Hinooka_1_dup2.jpg","OK_extra"
"福岡県\福岡16_日岡古墳\日の岡古墳03-2.jpg","Fukuoka\Fukuoka_Hinooka\Fukuoka_Hinooka_2_dup2.jpg","OK_extra"
"福岡県\福岡16_日岡古墳\日の岡古墳04.jpg","Fukuoka\Fukuoka_Hinooka\Fukuoka_Hinooka_04.jpg","OK_extra"
"福岡県\福岡16_日岡古墳\日の岡古墳05.jpg","Fukuoka\Fukuoka_Hinooka\Fukuoka_Hinooka_05.jpg","OK_extra"
"福岡県\福岡16_日岡古墳\日の岡古墳06.jpg","Fukuoka\Fukuoka_Hinooka\Fukuoka_Hinooka_06.jpg","OK_extra"
"福岡県\福岡16_日岡古墳\日の岡古墳07.jpg","Fukuoka\Fukuoka_Hinooka\Fukuoka_Hinooka_07.jpg","OK_extra"
"福岡県\福岡16_日岡古墳\日の岡古墳08.jpg","Fukuoka\Fukuoka_Hinooka\Fukuoka_Hinooka_08.jpg","OK_extra"
"福岡県\福岡16_日岡古墳\日の岡古墳09.jpg","Fukuoka\Fukuoka_Hinooka\Fukuoka_Hinooka_09.jpg","OK_extra"
"福岡県\福岡17_重定古墳\40_17_1.JPG","Fukuoka\Fukuoka_Shigesada\Fukuoka_Shigesada_1.jpg","OK_extra"
"福岡県\福岡17_重定古墳\40_17_10.jpg","Fukuoka\Fukuoka_Shigesada\Fukuoka_Shigesada_10.jpg","OK_ledger"
"福岡県\福岡17_重定古墳\40_17_11.jpg","Fukuoka\Fukuoka_Shigesada\Fukuoka_Shigesada_11.jpg","OK_ledger"
"福岡県\福岡17_重定古墳\40_17_12.jpg","Fukuoka\Fukuoka_Shigesada\Fukuoka_Shigesada_12.jpg","OK_ledger"
"福岡県\福岡17_重定古墳\40_17_13.JPG","Fukuoka\Fukuoka_Shigesada\Fukuoka_Shigesada_13.jpg","OK_extra"
"福岡県\福岡17_重定古墳\40_17_2.JPG","Fukuoka\Fukuoka_Shigesada\Fukuoka_Shigesada_2.jpg","OK_extra"
"福岡県\福岡17_重定古墳\40_17_3.JPG","Fukuoka\Fukuoka_Shigesada\Fukuoka_Shigesada_3.jpg","OK_extra"
"福岡県\福岡17_重定古墳\40_17_4.jpg","Fukuoka\Fukuoka_Shigesada\Fukuoka_Shigesada_4.jpg","OK_extra"
"福岡県\福岡17_重定古墳\40_17_5.jpg","Fukuoka\Fukuoka_Shigesada\Fukuoka_Shigesada_5.jpg","OK_ledger"
"福岡県\福岡17_重定古墳\40_17_6.jpg","Fukuoka\Fukuoka_Shigesada\Fukuoka_Shigesada_6.jpg","OK_ledger"
"福岡県\福岡17_重定古墳\40_17_7.jpg","Fukuoka\Fukuoka_Shigesada\Fukuoka_Shigesada_7.jpg","OK_ledger"
"福岡県\福岡17_重定古墳\40_17_8.jpg","Fukuoka\Fukuoka_Shigesada\Fukuoka_Shigesada_8.jpg","OK_ledger"
"福岡県\福岡17_重定古墳\40_17_9.jpg","Fukuoka\Fukuoka_Shigesada\Fukuoka_Shigesada_9.jpg","OK_ledger"
"福岡県\福岡18_塚花塚古墳\40_18_1.JPG","Fukuoka\Fukuoka_Tsukahanazuka\Fukuoka_Tsukahanazuka_1.jpg","OK_extra"
"福岡県\福岡18_塚花塚古墳\40_18_10.jpg","Fukuoka\Fukuoka_Tsukahanazuka\Fukuoka_Tsukahanazuka_10.jpg","OK_ledger"
"福岡県\福岡18_塚花塚古墳\40_18_11.JPG","Fukuoka\Fukuoka_Tsukahanazuka\Fukuoka_Tsukahanazuka_11.jpg","OK_extra"
"福岡県\福岡18_塚花塚古墳\40_18_2.JPG","Fukuoka\Fukuoka_Tsukahanazuka\Fukuoka_Tsukahanazuka_2.jpg","OK_extra"
"福岡県\福岡18_塚花塚古墳\40_18_4.jpg","Fukuoka\Fukuoka_Tsukahanazuka\Fukuoka_Tsukahanazuka_4.jpg","OK_extra"
"福岡県\福岡18_塚花塚古墳\40_18_5.jpg","Fukuoka\Fukuoka_Tsukahanazuka\Fukuoka_Tsukahanazuka_5.jpg","OK_ledger"
"福岡県\福岡18_塚花塚古墳\40_18_6.jpg","Fukuoka\Fukuoka_Tsukahanazuka\Fukuoka_Tsukahanazuka_6.jpg","OK_ledger"
"福岡県\福岡18_塚花塚古墳\40_18_7.jpg","Fukuoka\Fukuoka_Tsukahanazuka\Fukuoka_Tsukahanazuka_7.jpg","OK_ledger"
"福岡県\福岡18_塚花塚古墳\40_18_8.jpg","Fukuoka\Fukuoka_Tsukahanazuka\Fukuoka_Tsukahanazuka_8.jpg","OK_ledger"
"福岡県\福岡18_塚花塚古墳\40_18_9.jpg","Fukuoka\Fukuoka_Tsukahanazuka\Fukuoka_Tsukahanazuka_9.jpg","OK_ledger"
"福岡県\福岡18_塚花塚古墳\塚花塚古墳01.jpg","Fukuoka\Fukuoka_Tsukahanazuka\Fukuoka_Tsukahanazuka_01.jpg","OK_extra"
"福岡県\福岡19_仙道古墳\40_19_1.JPG","Fukuoka\Fukuoka_Sendo\Fukuoka_Sendo_1.jpg","OK_extra"
"福岡県\福岡19_仙道古墳\40_19_10.JPG","Fukuoka\Fukuoka_Sendo\Fukuoka_Sendo_10.jpg","OK_ledger"
"福岡県\福岡19_仙道古墳\40_19_11.JPG","Fukuoka\Fukuoka_Sendo\Fukuoka_Sendo_11.jpg","OK_ledger"
"福岡県\福岡19_仙道古墳\40_19_12.JPG","Fukuoka\Fukuoka_Sendo\Fukuoka_Sendo_12.jpg","OK_ledger"
"福岡県\福岡19_仙道古墳\40_19_13.JPG","Fukuoka\Fukuoka_Sendo\Fukuoka_Sendo_13.jpg","OK_ledger"
"福岡県\福岡19_仙道古墳\40_19_14.JPG","Fukuoka\Fukuoka_Sendo\Fukuoka_Sendo_14.jpg","OK_ledger"
"福岡県\福岡19_仙道古墳\40_19_15.JPG","Fukuoka\Fukuoka_Sendo\Fukuoka_Sendo_15.jpg","OK_ledger"
"福岡県\福岡19_仙道古墳\40_19_16.JPG","Fukuoka\Fukuoka_Sendo\Fukuoka_Sendo_16.jpg","OK_extra"
"福岡県\福岡19_仙道古墳\40_19_17.JPG","Fukuoka\Fukuoka_Sendo\Fukuoka_Sendo_17.jpg","OK_extra"
"福岡県\福岡19_仙道古墳\40_19_18.JPG","Fukuoka\Fukuoka_Sendo\Fukuoka_Sendo_18.jpg","OK_extra"
"福岡県\福岡19_仙道古墳\40_19_19.JPG","Fukuoka\Fukuoka_Sendo\Fukuoka_Sendo_19.jpg","OK_extra"
"福岡県\福岡19_仙道古墳\40_19_2.JPG","Fukuoka\Fukuoka_Sendo\Fukuoka_Sendo_2.jpg","OK_extra"
"福岡県\福岡19_仙道古墳\40_19_3.JPG","Fukuoka\Fukuoka_Sendo\Fukuoka_Sendo_3.jpg","OK_extra"
"福岡県\福岡19_仙道古墳\40_19_5.jpg","Fukuoka\Fukuoka_Sendo\Fukuoka_Sendo_5.jpg","OK_ledger"
"福岡県\福岡19_仙道古墳\40_19_6.jpg","Fukuoka\Fukuoka_Sendo\Fukuoka_Sendo_6.jpg","OK_ledger"
"福岡県\福岡19_仙道古墳\40_19_7.jpg","Fukuoka\Fukuoka_Sendo\Fukuoka_Sendo_7.jpg","OK_ledger"
"福岡県\福岡19_仙道古墳\40_19_8.jpg","Fukuoka\Fukuoka_Sendo\Fukuoka_Sendo_8.jpg","OK_ledger"
"福岡県\福岡19_仙道古墳\40_19_9.jpg","Fukuoka\Fukuoka_Sendo\Fukuoka_Sendo_9.jpg","OK_ledger"
"福岡県\福岡1_弘化谷古墳\40_1_1.JPG","Fukuoka\Fukuoka_Kokadani\Fukuoka_Kokadani_1.jpg","OK_extra"
"福岡県\福岡1_弘化谷古墳\40_1_10.jpg","Fukuoka\Fukuoka_Kokadani\Fukuoka_Kokadani_10.jpg","OK_ledger"
"福岡県\福岡1_弘化谷古墳\40_1_11.jpg","Fukuoka\Fukuoka_Kokadani\Fukuoka_Kokadani_11.jpg","OK_ledger"
"福岡県\福岡1_弘化谷古墳\40_1_12.jpg","Fukuoka\Fukuoka_Kokadani\Fukuoka_Kokadani_12.jpg","OK_ledger"
"福岡県\福岡1_弘化谷古墳\40_1_13.jpg","Fukuoka\Fukuoka_Kokadani\Fukuoka_Kokadani_13.jpg","OK_ledger"
"福岡県\福岡1_弘化谷古墳\40_1_14.jpg","Fukuoka\Fukuoka_Kokadani\Fukuoka_Kokadani_14.jpg","OK_ledger"
"福岡県\福岡1_弘化谷古墳\40_1_15.jpg","Fukuoka\Fukuoka_Kokadani\Fukuoka_Kokadani_15.jpg","OK_ledger"
"福岡県\福岡1_弘化谷古墳\40_1_2.JPG","Fukuoka\Fukuoka_Kokadani\Fukuoka_Kokadani_2.jpg","OK_extra"
"福岡県\福岡1_弘化谷古墳\40_1_3.JPG","Fukuoka\Fukuoka_Kokadani\Fukuoka_Kokadani_3.jpg","OK_extra"
"福岡県\福岡1_弘化谷古墳\40_1_4.jpg","Fukuoka\Fukuoka_Kokadani\Fukuoka_Kokadani_4.jpg","OK_extra"
"福岡県\福岡1_弘化谷古墳\40_1_5.jpg","Fukuoka\Fukuoka_Kokadani\Fukuoka_Kokadani_5.jpg","OK_ledger"
"福岡県\福岡1_弘化谷古墳\40_1_6.jpg","Fukuoka\Fukuoka_Kokadani\Fukuoka_Kokadani_6.jpg","OK_ledger"
"福岡県\福岡1_弘化谷古墳\40_1_7.jpg","Fukuoka\Fukuoka_Kokadani\Fukuoka_Kokadani_7.jpg","OK_ledger"
"福岡県\福岡1_弘化谷古墳\40_1_8.jpg","Fukuoka\Fukuoka_Kokadani\Fukuoka_Kokadani_8.jpg","OK_ledger"
"福岡県\福岡1_弘化谷古墳\40_1_9.jpg","Fukuoka\Fukuoka_Kokadani\Fukuoka_Kokadani_9.jpg","OK_ledger"
"福岡県\福岡20_砥上観音塚古墳\40_20_10.jpg","Fukuoka\Fukuoka_Togami_Kannonzuka\Fukuoka_Togami_Kannonzuka_10.jpg","OK_ledger"
"福岡県\福岡20_砥上観音塚古墳\40_20_11.jpg","Fukuoka\Fukuoka_Togami_Kannonzuka\Fukuoka_Togami_Kannonzuka_11.jpg","OK_ledger"
"福岡県\福岡20_砥上観音塚古墳\40_20_12.jpg","Fukuoka\Fukuoka_Togami_Kannonzuka\Fukuoka_Togami_Kannonzuka_12.jpg","OK_ledger"
"福岡県\福岡20_砥上観音塚古墳\40_20_13.jpg","Fukuoka\Fukuoka_Togami_Kannonzuka\Fukuoka_Togami_Kannonzuka_13.jpg","OK_ledger"
"福岡県\福岡20_砥上観音塚古墳\40_20_14.jpg","Fukuoka\Fukuoka_Togami_Kannonzuka\Fukuoka_Togami_Kannonzuka_14.jpg","OK_ledger"
"福岡県\福岡20_砥上観音塚古墳\40_20_2.jpg","Fukuoka\Fukuoka_Togami_Kannonzuka\Fukuoka_Togami_Kannonzuka_2.jpg","OK_extra"
"福岡県\福岡20_砥上観音塚古墳\40_20_5.jpg","Fukuoka\Fukuoka_Togami_Kannonzuka\Fukuoka_Togami_Kannonzuka_5.jpg","OK_ledger"
"福岡県\福岡20_砥上観音塚古墳\40_20_6.jpg","Fukuoka\Fukuoka_Togami_Kannonzuka\Fukuoka_Togami_Kannonzuka_6.jpg","OK_ledger"
"福岡県\福岡20_砥上観音塚古墳\40_20_7.jpg","Fukuoka\Fukuoka_Togami_Kannonzuka\Fukuoka_Togami_Kannonzuka_7.jpg","OK_ledger"
"福岡県\福岡20_砥上観音塚古墳\40_20_8.jpg","Fukuoka\Fukuoka_Togami_Kannonzuka\Fukuoka_Togami_Kannonzuka_8.jpg","OK_ledger"
"福岡県\福岡20_砥上観音塚古墳\40_20_9.jpg","Fukuoka\Fukuoka_Togami_Kannonzuka\Fukuoka_Togami_Kannonzuka_9.jpg","OK_ledger"
"福岡県\福岡21_吉武K7号墳\40_21_2.JPG","Fukuoka\Fukuoka_Yoshitake_K7\Fukuoka_Yoshitake_K7_2.jpg","OK_extra"
"福岡県\福岡21_吉武K7号墳\40_21_3.JPG","Fukuoka\Fukuoka_Yoshitake_K7\Fukuoka_Yoshitake_K7_3.jpg","OK_extra"
"福岡県\福岡21_吉武K7号墳\40_21_5.JPG","Fukuoka\Fukuoka_Yoshitake_K7\Fukuoka_Yoshitake_K7_5.jpg","OK_extra"
"福岡県\福岡21_吉武K7号墳\40_21_6.JPG","Fukuoka\Fukuoka_Yoshitake_K7\Fukuoka_Yoshitake_K7_6.jpg","OK_extra"
"福岡県\福岡22_五郎山古墳\40_22_1.JPG","Fukuoka\Fukuoka_Gorozan\Fukuoka_Gorozan_1.jpg","OK_extra"
"福岡県\福岡22_五郎山古墳\40_22_10.jpg","Fukuoka\Fukuoka_Gorozan\Fukuoka_Gorozan_10.jpg","OK_ledger"
"福岡県\福岡22_五郎山古墳\40_22_11.jpg","Fukuoka\Fukuoka_Gorozan\Fukuoka_Gorozan_11.jpg","OK_ledger"
"福岡県\福岡22_五郎山古墳\40_22_12.jpg","Fukuoka\Fukuoka_Gorozan\Fukuoka_Gorozan_12.jpg","OK_ledger"
"福岡県\福岡22_五郎山古墳\40_22_13.jpg","Fukuoka\Fukuoka_Gorozan\Fukuoka_Gorozan_13.jpg","OK_ledger"
"福岡県\福岡22_五郎山古墳\40_22_14.jpg","Fukuoka\Fukuoka_Gorozan\Fukuoka_Gorozan_14.jpg","OK_ledger"
"福岡県\福岡22_五郎山古墳\40_22_15.jpg","Fukuoka\Fukuoka_Gorozan\Fukuoka_Gorozan_15.jpg","OK_ledger"
"福岡県\福岡22_五郎山古墳\40_22_16.jpg","Fukuoka\Fukuoka_Gorozan\Fukuoka_Gorozan_16.jpg","OK_ledger"
"福岡県\福岡22_五郎山古墳\40_22_17.jpg","Fukuoka\Fukuoka_Gorozan\Fukuoka_Gorozan_17.jpg","OK_ledger"
"福岡県\福岡22_五郎山古墳\40_22_18.jpg","Fukuoka\Fukuoka_Gorozan\Fukuoka_Gorozan_18.jpg","OK_ledger"
"福岡県\福岡22_五郎山古墳\40_22_19.jpg","Fukuoka\Fukuoka_Gorozan\Fukuoka_Gorozan_19.jpg","OK_ledger"
"福岡県\福岡22_五郎山古墳\40_22_2.JPG","Fukuoka\Fukuoka_Gorozan\Fukuoka_Gorozan_2.jpg","OK_extra"
"福岡県\福岡22_五郎山古墳\40_22_20.jpg","Fukuoka\Fukuoka_Gorozan\Fukuoka_Gorozan_20.jpg","OK_ledger"
"福岡県\福岡22_五郎山古墳\40_22_21.jpg","Fukuoka\Fukuoka_Gorozan\Fukuoka_Gorozan_21.jpg","OK_ledger"
"福岡県\福岡22_五郎山古墳\40_22_22.jpg","Fukuoka\Fukuoka_Gorozan\Fukuoka_Gorozan_22.jpg","OK_ledger"
"福岡県\福岡22_五郎山古墳\40_22_23.jpg","Fukuoka\Fukuoka_Gorozan\Fukuoka_Gorozan_23.jpg","OK_ledger"
"福岡県\福岡22_五郎山古墳\40_22_24.jpg","Fukuoka\Fukuoka_Gorozan\Fukuoka_Gorozan_24.jpg","OK_ledger"
"福岡県\福岡22_五郎山古墳\40_22_25.jpg","Fukuoka\Fukuoka_Gorozan\Fukuoka_Gorozan_25.jpg","OK_ledger"
"福岡県\福岡22_五郎山古墳\40_22_26.jpg","Fukuoka\Fukuoka_Gorozan\Fukuoka_Gorozan_26.jpg","OK_ledger"
"福岡県\福岡22_五郎山古墳\40_22_27.jpg","Fukuoka\Fukuoka_Gorozan\Fukuoka_Gorozan_27.jpg","OK_ledger"
"福岡県\福岡22_五郎山古墳\40_22_28.JPG","Fukuoka\Fukuoka_Gorozan\Fukuoka_Gorozan_28.jpg","OK_extra"
"福岡県\福岡22_五郎山古墳\40_22_29.JPG","Fukuoka\Fukuoka_Gorozan\Fukuoka_Gorozan_29.jpg","OK_extra"
"福岡県\福岡22_五郎山古墳\40_22_3.JPG","Fukuoka\Fukuoka_Gorozan\Fukuoka_Gorozan_3.jpg","OK_extra"
"福岡県\福岡22_五郎山古墳\40_22_30.JPG","Fukuoka\Fukuoka_Gorozan\Fukuoka_Gorozan_30.jpg","OK_extra"
"福岡県\福岡22_五郎山古墳\40_22_31.JPG","Fukuoka\Fukuoka_Gorozan\Fukuoka_Gorozan_31.jpg","OK_extra"
"福岡県\福岡22_五郎山古墳\40_22_32.JPG","Fukuoka\Fukuoka_Gorozan\Fukuoka_Gorozan_32.jpg","OK_extra"
"福岡県\福岡22_五郎山古墳\40_22_33.JPG","Fukuoka\Fukuoka_Gorozan\Fukuoka_Gorozan_33.jpg","OK_extra"
"福岡県\福岡22_五郎山古墳\40_22_34.JPG","Fukuoka\Fukuoka_Gorozan\Fukuoka_Gorozan_34.jpg","OK_extra"
"福岡県\福岡22_五郎山古墳\40_22_35.JPG","Fukuoka\Fukuoka_Gorozan\Fukuoka_Gorozan_35.jpg","OK_extra"
"福岡県\福岡22_五郎山古墳\40_22_4.jpg","Fukuoka\Fukuoka_Gorozan\Fukuoka_Gorozan_4.jpg","OK_extra"
"福岡県\福岡22_五郎山古墳\40_22_5.jpg","Fukuoka\Fukuoka_Gorozan\Fukuoka_Gorozan_5.jpg","OK_ledger"
"福岡県\福岡22_五郎山古墳\40_22_6.jpg","Fukuoka\Fukuoka_Gorozan\Fukuoka_Gorozan_6.jpg","OK_ledger"
"福岡県\福岡22_五郎山古墳\40_22_7.jpg","Fukuoka\Fukuoka_Gorozan\Fukuoka_Gorozan_7.jpg","OK_ledger"
"福岡県\福岡22_五郎山古墳\40_22_8.jpg","Fukuoka\Fukuoka_Gorozan\Fukuoka_Gorozan_8.jpg","OK_ledger"
"福岡県\福岡22_五郎山古墳\40_22_9.jpg","Fukuoka\Fukuoka_Gorozan\Fukuoka_Gorozan_9.jpg","OK_ledger"
"福岡県\福岡22_五郎山古墳\五郎山古墳01.jpg","Fukuoka\Fukuoka_Gorozan\Fukuoka_Gorozan_01.jpg","OK_extra"
"福岡県\福岡22_五郎山古墳\五郎山古墳02.jpg","Fukuoka\Fukuoka_Gorozan\Fukuoka_Gorozan_02.jpg","OK_extra"
"福岡県\福岡22_五郎山古墳\五郎山古墳03.jpg","Fukuoka\Fukuoka_Gorozan\Fukuoka_Gorozan_03.jpg","OK_extra"
"福岡県\福岡22_五郎山古墳\五郎山古墳04.jpg","Fukuoka\Fukuoka_Gorozan\Fukuoka_Gorozan_04.jpg","OK_extra"
"福岡県\福岡22_五郎山古墳\五郎山古墳05.jpg","Fukuoka\Fukuoka_Gorozan\Fukuoka_Gorozan_05.jpg","OK_extra"
"福岡県\福岡22_五郎山古墳\五郎山古墳06.jpg","Fukuoka\Fukuoka_Gorozan\Fukuoka_Gorozan_06.jpg","OK_extra"
"福岡県\福岡23_王塚古墳\40_23_1.JPG","Fukuoka\Fukuoka_Ozuka\Fukuoka_Ozuka_1.jpg","OK_extra"
"福岡県\福岡23_王塚古墳\40_23_10.jpg","Fukuoka\Fukuoka_Ozuka\Fukuoka_Ozuka_10.jpg","OK_ledger"
"福岡県\福岡23_王塚古墳\40_23_11.jpg","Fukuoka\Fukuoka_Ozuka\Fukuoka_Ozuka_11.jpg","OK_ledger"
"福岡県\福岡23_王塚古墳\40_23_12.jpg","Fukuoka\Fukuoka_Ozuka\Fukuoka_Ozuka_12.jpg","OK_ledger"
"福岡県\福岡23_王塚古墳\40_23_13.jpg","Fukuoka\Fukuoka_Ozuka\Fukuoka_Ozuka_13.jpg","OK_ledger"
"福岡県\福岡23_王塚古墳\40_23_14.jpg","Fukuoka\Fukuoka_Ozuka\Fukuoka_Ozuka_14.jpg","OK_ledger"
"福岡県\福岡23_王塚古墳\40_23_15.jpg","Fukuoka\Fukuoka_Ozuka\Fukuoka_Ozuka_15.jpg","OK_ledger"
"福岡県\福岡23_王塚古墳\40_23_16.jpg","Fukuoka\Fukuoka_Ozuka\Fukuoka_Ozuka_16.jpg","OK_ledger"
"福岡県\福岡23_王塚古墳\40_23_17.jpg","Fukuoka\Fukuoka_Ozuka\Fukuoka_Ozuka_17.jpg","OK_ledger"
"福岡県\福岡23_王塚古墳\40_23_18.jpg","Fukuoka\Fukuoka_Ozuka\Fukuoka_Ozuka_18.jpg","OK_ledger"
"福岡県\福岡23_王塚古墳\40_23_19.JPG","Fukuoka\Fukuoka_Ozuka\Fukuoka_Ozuka_19.jpg","OK_extra"
"福岡県\福岡23_王塚古墳\40_23_2.JPG","Fukuoka\Fukuoka_Ozuka\Fukuoka_Ozuka_2.jpg","OK_extra"
"福岡県\福岡23_王塚古墳\40_23_20.JPG","Fukuoka\Fukuoka_Ozuka\Fukuoka_Ozuka_20.jpg","OK_extra"
"福岡県\福岡23_王塚古墳\40_23_21.JPG","Fukuoka\Fukuoka_Ozuka\Fukuoka_Ozuka_21.jpg","OK_extra"
"福岡県\福岡23_王塚古墳\40_23_3.JPG","Fukuoka\Fukuoka_Ozuka\Fukuoka_Ozuka_3.jpg","OK_extra"
"福岡県\福岡23_王塚古墳\40_23_4.jpg","Fukuoka\Fukuoka_Ozuka\Fukuoka_Ozuka_4.jpg","OK_extra"
"福岡県\福岡23_王塚古墳\40_23_5.jpg","Fukuoka\Fukuoka_Ozuka\Fukuoka_Ozuka_5.jpg","OK_ledger"
"福岡県\福岡23_王塚古墳\40_23_6.jpg","Fukuoka\Fukuoka_Ozuka\Fukuoka_Ozuka_6.jpg","OK_ledger"
"福岡県\福岡23_王塚古墳\40_23_7.jpg","Fukuoka\Fukuoka_Ozuka\Fukuoka_Ozuka_7.jpg","OK_ledger"
"福岡県\福岡23_王塚古墳\40_23_8.jpg","Fukuoka\Fukuoka_Ozuka\Fukuoka_Ozuka_8.jpg","OK_ledger"
"福岡県\福岡23_王塚古墳\40_23_9.jpg","Fukuoka\Fukuoka_Ozuka\Fukuoka_Ozuka_9.jpg","OK_ledger"
"福岡県\福岡24_川島古墳群\40_24_1.JPG","Fukuoka\Fukuoka_Kawashima\Fukuoka_Kawashima_1.jpg","OK_extra"
"福岡県\福岡24_川島古墳群\40_24_10.JPG","Fukuoka\Fukuoka_Kawashima\Fukuoka_Kawashima_10.jpg","OK_extra"
"福岡県\福岡24_川島古墳群\40_24_2.JPG","Fukuoka\Fukuoka_Kawashima\Fukuoka_Kawashima_2.jpg","OK_extra"
"福岡県\福岡24_川島古墳群\40_24_3.JPG","Fukuoka\Fukuoka_Kawashima\Fukuoka_Kawashima_3.jpg","OK_extra"
"福岡県\福岡24_川島古墳群\40_24_5.jpg","Fukuoka\Fukuoka_Kawashima\Fukuoka_Kawashima_5.jpg","OK_ledger"
"福岡県\福岡24_川島古墳群\40_24_6.jpg","Fukuoka\Fukuoka_Kawashima\Fukuoka_Kawashima_6.jpg","OK_ledger"
"福岡県\福岡24_川島古墳群\40_24_7.jpg","Fukuoka\Fukuoka_Kawashima\Fukuoka_Kawashima_7.jpg","OK_ledger"
"福岡県\福岡24_川島古墳群\40_24_8.jpg","Fukuoka\Fukuoka_Kawashima\Fukuoka_Kawashima_8.jpg","OK_ledger"
"福岡県\福岡24_川島古墳群\40_24_9.jpg","Fukuoka\Fukuoka_Kawashima\Fukuoka_Kawashima_9.jpg","OK_ledger"
"福岡県\福岡25_竹原古墳\40_25_1.JPG","Fukuoka\Fukuoka_Takehara\Fukuoka_Takehara_1.jpg","OK_extra"
"福岡県\福岡25_竹原古墳\40_25_10.jpg","Fukuoka\Fukuoka_Takehara\Fukuoka_Takehara_10.jpg","OK_ledger"
"福岡県\福岡25_竹原古墳\40_25_11.jpg","Fukuoka\Fukuoka_Takehara\Fukuoka_Takehara_11.jpg","OK_ledger"
"福岡県\福岡25_竹原古墳\40_25_12.jpg","Fukuoka\Fukuoka_Takehara\Fukuoka_Takehara_12.jpg","OK_ledger"
"福岡県\福岡25_竹原古墳\40_25_13.jpg","Fukuoka\Fukuoka_Takehara\Fukuoka_Takehara_13.jpg","OK_ledger"
"福岡県\福岡25_竹原古墳\40_25_14.JPG","Fukuoka\Fukuoka_Takehara\Fukuoka_Takehara_14.jpg","OK_extra"
"福岡県\福岡25_竹原古墳\40_25_15.JPG","Fukuoka\Fukuoka_Takehara\Fukuoka_Takehara_15.jpg","OK_extra"
"福岡県\福岡25_竹原古墳\40_25_2.JPG","Fukuoka\Fukuoka_Takehara\Fukuoka_Takehara_2.jpg","OK_extra"
"福岡県\福岡25_竹原古墳\40_25_3.JPG","Fukuoka\Fukuoka_Takehara\Fukuoka_Takehara_3.jpg","OK_extra"
"福岡県\福岡25_竹原古墳\40_25_5.jpg","Fukuoka\Fukuoka_Takehara\Fukuoka_Takehara_5.jpg","OK_ledger"
"福岡県\福岡25_竹原古墳\40_25_6.jpg","Fukuoka\Fukuoka_Takehara\Fukuoka_Takehara_6.jpg","OK_ledger"
"福岡県\福岡25_竹原古墳\40_25_7.jpg","Fukuoka\Fukuoka_Takehara\Fukuoka_Takehara_7.jpg","OK_ledger"
"福岡県\福岡25_竹原古墳\40_25_8.jpg","Fukuoka\Fukuoka_Takehara\Fukuoka_Takehara_8.jpg","OK_ledger"
"福岡県\福岡25_竹原古墳\40_25_9.jpg","Fukuoka\Fukuoka_Takehara\Fukuoka_Takehara_9.jpg","OK_ledger"
"福岡県\福岡25_竹原古墳\竹原古墳01.jpg","Fukuoka\Fukuoka_Takehara\Fukuoka_Takehara_01.jpg","OK_extra"
"福岡県\福岡25_竹原古墳\竹原古墳02.jpg","Fukuoka\Fukuoka_Takehara\Fukuoka_Takehara_02.jpg","OK_extra"
"福岡県\福岡25_竹原古墳\竹原古墳03.jpg","Fukuoka\Fukuoka_Takehara\Fukuoka_Takehara_03.jpg","OK_extra"
"福岡県\福岡25_竹原古墳\竹原古墳05-1.jpg","Fukuoka\Fukuoka_Takehara\Fukuoka_Takehara_1_dup1.jpg","OK_extra"
"福岡県\福岡26_損ヶ熊古墳\40_26_1.JPG","Fukuoka\Fukuoka_Songakuma\Fukuoka_Songakuma_1.jpg","OK_extra"
"福岡県\福岡26_損ヶ熊古墳\40_26_2.JPG","Fukuoka\Fukuoka_Songakuma\Fukuoka_Songakuma_2.jpg","OK_extra"
"福岡県\福岡26_損ヶ熊古墳\40_26_3.JPG","Fukuoka\Fukuoka_Songakuma\Fukuoka_Songakuma_3.jpg","OK_extra"
"福岡県\福岡26_損ヶ熊古墳\40_26_5.jpg","Fukuoka\Fukuoka_Songakuma\Fukuoka_Songakuma_5.jpg","OK_ledger"
"福岡県\福岡26_損ヶ熊古墳\40_26_6.jpg","Fukuoka\Fukuoka_Songakuma\Fukuoka_Songakuma_6.jpg","OK_ledger"
"福岡県\福岡26_損ヶ熊古墳\40_26_7.JPG","Fukuoka\Fukuoka_Songakuma\Fukuoka_Songakuma_7.jpg","OK_ledger"
"福岡県\福岡26_損ヶ熊古墳\40_26_8.JPG","Fukuoka\Fukuoka_Songakuma\Fukuoka_Songakuma_8.jpg","OK_ledger"
"福岡県\福岡26_損ヶ熊古墳\40_26_9.JPG","Fukuoka\Fukuoka_Songakuma\Fukuoka_Songakuma_9.jpg","OK_extra"
"福岡県\福岡27_日明一本松塚古墳\40_27_5.jpg","Fukuoka\Fukuoka_Hiagari_Ipponmatsuzuka\Fukuoka_Hiagari_Ipponmatsuzuka_5.jpg","OK_ledger"
"福岡県\福岡27_日明一本松塚古墳\40_27_6.jpg","Fukuoka\Fukuoka_Hiagari_Ipponmatsuzuka\Fukuoka_Hiagari_Ipponmatsuzuka_6.jpg","OK_ledger"
"福岡県\福岡28_石人山古墳\40_28_1.JPG","Fukuoka\Fukuoka_Sekijinsan\Fukuoka_Sekijinsan_1.jpg","OK_extra"
"福岡県\福岡28_石人山古墳\40_28_10.JPG","Fukuoka\Fukuoka_Sekijinsan\Fukuoka_Sekijinsan_10.jpg","OK_ledger"
"福岡県\福岡28_石人山古墳\40_28_11.JPG","Fukuoka\Fukuoka_Sekijinsan\Fukuoka_Sekijinsan_11.jpg","OK_extra"
"福岡県\福岡28_石人山古墳\40_28_12.JPG","Fukuoka\Fukuoka_Sekijinsan\Fukuoka_Sekijinsan_12.jpg","OK_extra"
"福岡県\福岡28_石人山古墳\40_28_2.JPG","Fukuoka\Fukuoka_Sekijinsan\Fukuoka_Sekijinsan_2.jpg","OK_extra"
"福岡県\福岡28_石人山古墳\40_28_3.JPG","Fukuoka\Fukuoka_Sekijinsan\Fukuoka_Sekijinsan_3.jpg","OK_extra"
"福岡県\福岡28_石人山古墳\40_28_4.jpg","Fukuoka\Fukuoka_Sekijinsan\Fukuoka_Sekijinsan_4.jpg","OK_extra"
"福岡県\福岡28_石人山古墳\40_28_5.jpg","Fukuoka\Fukuoka_Sekijinsan\Fukuoka_Sekijinsan_5.jpg","OK_ledger"
"福岡県\福岡28_石人山古墳\40_28_6.jpg","Fukuoka\Fukuoka_Sekijinsan\Fukuoka_Sekijinsan_6.jpg","OK_ledger"
"福岡県\福岡28_石人山古墳\40_28_7.jpg","Fukuoka\Fukuoka_Sekijinsan\Fukuoka_Sekijinsan_7.jpg","OK_ledger"
"福岡県\福岡28_石人山古墳\40_28_8.jpg","Fukuoka\Fukuoka_Sekijinsan\Fukuoka_Sekijinsan_8.jpg","OK_ledger"
"福岡県\福岡28_石人山古墳\40_28_9.JPG","Fukuoka\Fukuoka_Sekijinsan\Fukuoka_Sekijinsan_9.jpg","OK_extra"
"福岡県\福岡28_石人山古墳\石人山古墳01.jpg","Fukuoka\Fukuoka_Sekijinsan\Fukuoka_Sekijinsan_01.jpg","OK_extra"
"福岡県\福岡28_石人山古墳\石人山古墳05-1.jpg","Fukuoka\Fukuoka_Sekijinsan\Fukuoka_Sekijinsan_1_dup1.jpg","OK_extra"
"福岡県\福岡29_丸山塚古墳\40_29_1.JPG","Fukuoka\Fukuoka_Maruyamazuka\Fukuoka_Maruyamazuka_1.jpg","OK_extra"
"福岡県\福岡29_丸山塚古墳\40_29_10.jpg","Fukuoka\Fukuoka_Maruyamazuka\Fukuoka_Maruyamazuka_10.jpg","OK_ledger"
"福岡県\福岡29_丸山塚古墳\40_29_11.jpg","Fukuoka\Fukuoka_Maruyamazuka\Fukuoka_Maruyamazuka_11.jpg","OK_ledger"
"福岡県\福岡29_丸山塚古墳\40_29_12.jpg","Fukuoka\Fukuoka_Maruyamazuka\Fukuoka_Maruyamazuka_12.jpg","OK_ledger"
"福岡県\福岡29_丸山塚古墳\40_29_13.jpg","Fukuoka\Fukuoka_Maruyamazuka\Fukuoka_Maruyamazuka_13.jpg","OK_ledger"
"福岡県\福岡29_丸山塚古墳\40_29_14.JPG","Fukuoka\Fukuoka_Maruyamazuka\Fukuoka_Maruyamazuka_14.jpg","OK_extra"
"福岡県\福岡29_丸山塚古墳\40_29_2.JPG","Fukuoka\Fukuoka_Maruyamazuka\Fukuoka_Maruyamazuka_2.jpg","OK_extra"
"福岡県\福岡29_丸山塚古墳\40_29_4.jpg","Fukuoka\Fukuoka_Maruyamazuka\Fukuoka_Maruyamazuka_4.jpg","OK_extra"
"福岡県\福岡29_丸山塚古墳\40_29_5.jpg","Fukuoka\Fukuoka_Maruyamazuka\Fukuoka_Maruyamazuka_5.jpg","OK_ledger"
"福岡県\福岡29_丸山塚古墳\40_29_6.jpg","Fukuoka\Fukuoka_Maruyamazuka\Fukuoka_Maruyamazuka_6.jpg","OK_ledger"
"福岡県\福岡29_丸山塚古墳\40_29_7.jpg","Fukuoka\Fukuoka_Maruyamazuka\Fukuoka_Maruyamazuka_7.jpg","OK_ledger"
"福岡県\福岡29_丸山塚古墳\40_29_8.jpg","Fukuoka\Fukuoka_Maruyamazuka\Fukuoka_Maruyamazuka_8.jpg","OK_ledger"
"福岡県\福岡29_丸山塚古墳\40_29_9.jpg","Fukuoka\Fukuoka_Maruyamazuka\Fukuoka_Maruyamazuka_9.jpg","OK_ledger"
"福岡県\福岡2_下馬場古墳\40_2_1.JPG","Fukuoka\Fukuoka_Shimobaba\Fukuoka_Shimobaba_1.jpg","OK_extra"
"福岡県\福岡2_下馬場古墳\40_2_10.jpg","Fukuoka\Fukuoka_Shimobaba\Fukuoka_Shimobaba_10.jpg","OK_ledger"
"福岡県\福岡2_下馬場古墳\40_2_11.JPG","Fukuoka\Fukuoka_Shimobaba\Fukuoka_Shimobaba_11.jpg","OK_ledger"
"福岡県\福岡2_下馬場古墳\40_2_2.JPG","Fukuoka\Fukuoka_Shimobaba\Fukuoka_Shimobaba_2.jpg","OK_extra"
"福岡県\福岡2_下馬場古墳\40_2_4.jpg","Fukuoka\Fukuoka_Shimobaba\Fukuoka_Shimobaba_4.jpg","OK_extra"
"福岡県\福岡2_下馬場古墳\40_2_5.jpg","Fukuoka\Fukuoka_Shimobaba\Fukuoka_Shimobaba_5.jpg","OK_ledger"
"福岡県\福岡2_下馬場古墳\40_2_6.jpg","Fukuoka\Fukuoka_Shimobaba\Fukuoka_Shimobaba_6.jpg","OK_ledger"
"福岡県\福岡2_下馬場古墳\40_2_7.jpg","Fukuoka\Fukuoka_Shimobaba\Fukuoka_Shimobaba_7.jpg","OK_ledger"
"福岡県\福岡2_下馬場古墳\40_2_8.jpg","Fukuoka\Fukuoka_Shimobaba\Fukuoka_Shimobaba_8.jpg","OK_ledger"
"福岡県\福岡2_下馬場古墳\40_2_9.jpg","Fukuoka\Fukuoka_Shimobaba\Fukuoka_Shimobaba_9.jpg","OK_ledger"
"福岡県\福岡30_乗場古墳\40_30_1.JPG","Fukuoka\Fukuoka_Noriba\Fukuoka_Noriba_1.jpg","OK_extra"
"福岡県\福岡30_乗場古墳\40_30_10.jpg","Fukuoka\Fukuoka_Noriba\Fukuoka_Noriba_10.jpg","OK_ledger"
"福岡県\福岡30_乗場古墳\40_30_11.jpg","Fukuoka\Fukuoka_Noriba\Fukuoka_Noriba_11.jpg","OK_ledger"
"福岡県\福岡30_乗場古墳\40_30_12.jpg","Fukuoka\Fukuoka_Noriba\Fukuoka_Noriba_12.jpg","OK_ledger"
"福岡県\福岡30_乗場古墳\40_30_13.jpg","Fukuoka\Fukuoka_Noriba\Fukuoka_Noriba_13.jpg","OK_ledger"
"福岡県\福岡30_乗場古墳\40_30_14.jpg","Fukuoka\Fukuoka_Noriba\Fukuoka_Noriba_14.jpg","OK_ledger"
"福岡県\福岡30_乗場古墳\40_30_15.jpg","Fukuoka\Fukuoka_Noriba\Fukuoka_Noriba_15.jpg","OK_ledger"
"福岡県\福岡30_乗場古墳\40_30_16.JPG","Fukuoka\Fukuoka_Noriba\Fukuoka_Noriba_16.jpg","OK_extra"
"福岡県\福岡30_乗場古墳\40_30_17.JPG","Fukuoka\Fukuoka_Noriba\Fukuoka_Noriba_17.jpg","OK_extra"
"福岡県\福岡30_乗場古墳\40_30_18.JPG","Fukuoka\Fukuoka_Noriba\Fukuoka_Noriba_18.jpg","OK_extra"
"福岡県\福岡30_乗場古墳\40_30_19.JPG","Fukuoka\Fukuoka_Noriba\Fukuoka_Noriba_19.jpg","OK_extra"
"福岡県\福岡30_乗場古墳\40_30_2.JPG","Fukuoka\Fukuoka_Noriba\Fukuoka_Noriba_2.jpg","OK_extra"
"福岡県\福岡30_乗場古墳\40_30_3.JPG","Fukuoka\Fukuoka_Noriba\Fukuoka_Noriba_3.jpg","OK_extra"
"福岡県\福岡30_乗場古墳\40_30_4.jpg","Fukuoka\Fukuoka_Noriba\Fukuoka_Noriba_4.jpg","OK_extra"
"福岡県\福岡30_乗場古墳\40_30_5.jpg","Fukuoka\Fukuoka_Noriba\Fukuoka_Noriba_5.jpg","OK_ledger"
"福岡県\福岡30_乗場古墳\40_30_6.jpg","Fukuoka\Fukuoka_Noriba\Fukuoka_Noriba_6.jpg","OK_ledger"
"福岡県\福岡30_乗場古墳\40_30_7.jpg","Fukuoka\Fukuoka_Noriba\Fukuoka_Noriba_7.jpg","OK_ledger"
"福岡県\福岡30_乗場古墳\40_30_8.jpg","Fukuoka\Fukuoka_Noriba\Fukuoka_Noriba_8.jpg","OK_ledger"
"福岡県\福岡30_乗場古墳\40_30_9.jpg","Fukuoka\Fukuoka_Noriba\Fukuoka_Noriba_9.jpg","OK_ledger"
"福岡県\福岡34_萩ノ尾古墳\40_34_1.jpg","Fukuoka\Fukuoka_Haginoo\Fukuoka_Haginoo_1.jpg","OK_extra"
"福岡県\福岡34_萩ノ尾古墳\40_34_10.jpg","Fukuoka\Fukuoka_Haginoo\Fukuoka_Haginoo_10.jpg","OK_ledger"
"福岡県\福岡34_萩ノ尾古墳\40_34_11.jpg","Fukuoka\Fukuoka_Haginoo\Fukuoka_Haginoo_11.jpg","OK_ledger"
"福岡県\福岡34_萩ノ尾古墳\40_34_12.jpg","Fukuoka\Fukuoka_Haginoo\Fukuoka_Haginoo_12.jpg","OK_ledger"
"福岡県\福岡34_萩ノ尾古墳\40_34_13.jpg","Fukuoka\Fukuoka_Haginoo\Fukuoka_Haginoo_13.jpg","OK_extra"
"福岡県\福岡34_萩ノ尾古墳\40_34_14.jpg","Fukuoka\Fukuoka_Haginoo\Fukuoka_Haginoo_14.jpg","OK_extra"
"福岡県\福岡34_萩ノ尾古墳\40_34_15.jpg","Fukuoka\Fukuoka_Haginoo\Fukuoka_Haginoo_15.jpg","OK_extra"
"福岡県\福岡34_萩ノ尾古墳\40_34_16.jpg","Fukuoka\Fukuoka_Haginoo\Fukuoka_Haginoo_16.jpg","OK_extra"
"福岡県\福岡34_萩ノ尾古墳\40_34_2.jpg","Fukuoka\Fukuoka_Haginoo\Fukuoka_Haginoo_2.jpg","OK_extra"
"福岡県\福岡34_萩ノ尾古墳\40_34_3.jpg","Fukuoka\Fukuoka_Haginoo\Fukuoka_Haginoo_3.jpg","OK_extra"
"福岡県\福岡34_萩ノ尾古墳\40_34_5.jpg","Fukuoka\Fukuoka_Haginoo\Fukuoka_Haginoo_5.jpg","OK_ledger"
"福岡県\福岡34_萩ノ尾古墳\40_34_6.jpg","Fukuoka\Fukuoka_Haginoo\Fukuoka_Haginoo_6.jpg","OK_ledger"
"福岡県\福岡34_萩ノ尾古墳\40_34_7.jpg","Fukuoka\Fukuoka_Haginoo\Fukuoka_Haginoo_7.jpg","OK_ledger"
"福岡県\福岡34_萩ノ尾古墳\40_34_8.jpg","Fukuoka\Fukuoka_Haginoo\Fukuoka_Haginoo_8.jpg","OK_ledger"
"福岡県\福岡34_萩ノ尾古墳\40_34_9.jpg","Fukuoka\Fukuoka_Haginoo\Fukuoka_Haginoo_9.jpg","OK_ledger"
"福岡県\福岡35_倉永古墳\40_35_2.jpg","Fukuoka\Fukuoka_Kuranaga\Fukuoka_Kuranaga_2.jpg","OK_extra"
"福岡県\福岡35_倉永古墳\40_35_5.jpg","Fukuoka\Fukuoka_Kuranaga\Fukuoka_Kuranaga_5.jpg","OK_ledger"
"福岡県\福岡35_倉永古墳\40_35_6.jpg","Fukuoka\Fukuoka_Kuranaga\Fukuoka_Kuranaga_6.jpg","OK_ledger"
"福岡県\福岡35_倉永古墳\40_35_7.jpg","Fukuoka\Fukuoka_Kuranaga\Fukuoka_Kuranaga_7.jpg","OK_ledger"
"福岡県\福岡36_浦山古墳\40_36_10.jpg","Fukuoka\Fukuoka_Urayama\Fukuoka_Urayama_10.jpg","OK_ledger"
"福岡県\福岡36_浦山古墳\40_36_5.jpg","Fukuoka\Fukuoka_Urayama\Fukuoka_Urayama_5.jpg","OK_ledger"
"福岡県\福岡36_浦山古墳\40_36_6.jpg","Fukuoka\Fukuoka_Urayama\Fukuoka_Urayama_6.jpg","OK_ledger"
"福岡県\福岡36_浦山古墳\40_36_7.jpg","Fukuoka\Fukuoka_Urayama\Fukuoka_Urayama_7.jpg","OK_ledger"
"福岡県\福岡36_浦山古墳\40_36_8.jpg","Fukuoka\Fukuoka_Urayama\Fukuoka_Urayama_8.jpg","OK_ledger"
"福岡県\福岡36_浦山古墳\40_36_9.jpg","Fukuoka\Fukuoka_Urayama\Fukuoka_Urayama_9.jpg","OK_ledger"
"福岡県\福岡37_日輪寺古墳\40_37_1.JPG","Fukuoka\Fukuoka_Nichirinji\Fukuoka_Nichirinji_1.jpg","OK_extra"
"福岡県\福岡37_日輪寺古墳\40_37_10.jpg","Fukuoka\Fukuoka_Nichirinji\Fukuoka_Nichirinji_10.jpg","OK_ledger"
"福岡県\福岡37_日輪寺古墳\40_37_11.JPG","Fukuoka\Fukuoka_Nichirinji\Fukuoka_Nichirinji_11.jpg","OK_extra"
"福岡県\福岡37_日輪寺古墳\40_37_2.JPG","Fukuoka\Fukuoka_Nichirinji\Fukuoka_Nichirinji_2.jpg","OK_extra"
"福岡県\福岡37_日輪寺古墳\40_37_3.JPG","Fukuoka\Fukuoka_Nichirinji\Fukuoka_Nichirinji_3.jpg","OK_extra"
"福岡県\福岡37_日輪寺古墳\40_37_5.jpg","Fukuoka\Fukuoka_Nichirinji\Fukuoka_Nichirinji_5.jpg","OK_ledger"
"福岡県\福岡37_日輪寺古墳\40_37_6.jpg","Fukuoka\Fukuoka_Nichirinji\Fukuoka_Nichirinji_6.jpg","OK_ledger"
"福岡県\福岡37_日輪寺古墳\40_37_7.jpg","Fukuoka\Fukuoka_Nichirinji\Fukuoka_Nichirinji_7.jpg","OK_ledger"
"福岡県\福岡37_日輪寺古墳\40_37_8.jpg","Fukuoka\Fukuoka_Nichirinji\Fukuoka_Nichirinji_8.jpg","OK_ledger"
"福岡県\福岡37_日輪寺古墳\40_37_9.jpg","Fukuoka\Fukuoka_Nichirinji\Fukuoka_Nichirinji_9.jpg","OK_ledger"
"福岡県\福岡37_日輪寺古墳\日輪寺古墳01.jpg","Fukuoka\Fukuoka_Nichirinji\Fukuoka_Nichirinji_01.jpg","OK_extra"
"福岡県\福岡37_日輪寺古墳\日輪寺古墳02-1.jpg","Fukuoka\Fukuoka_Nichirinji\Fukuoka_Nichirinji_1_dup1.jpg","OK_extra"
"福岡県\福岡37_日輪寺古墳\日輪寺古墳02-2.jpg","Fukuoka\Fukuoka_Nichirinji\Fukuoka_Nichirinji_2_dup1.jpg","OK_extra"
"福岡県\福岡3_前畑古墳\40_3_5.jpg","Fukuoka\Fukuoka_Maehata\Fukuoka_Maehata_5.jpg","OK_ledger"
"福岡県\福岡3_前畑古墳\40_3_6.jpg","Fukuoka\Fukuoka_Maehata\Fukuoka_Maehata_6.jpg","OK_ledger"
"福岡県\福岡3_前畑古墳\40_3_7.jpg","Fukuoka\Fukuoka_Maehata\Fukuoka_Maehata_7.jpg","OK_ledger"
"福岡県\福岡51_狐塚古墳\40_51_2.jpg","Fukuoka\Fukuoka_Kitsunezuka\Fukuoka_Kitsunezuka_2.jpg","OK_ledger"
"福岡県\福岡51_狐塚古墳\40_51_4.jpg","Fukuoka\Fukuoka_Kitsunezuka\Fukuoka_Kitsunezuka_4.jpg","OK_extra"
"福岡県\福岡51_狐塚古墳\40_51_5.jpg","Fukuoka\Fukuoka_Kitsunezuka\Fukuoka_Kitsunezuka_5.jpg","OK_ledger"
"福岡県\福岡51_狐塚古墳\40_51_6.jpg","Fukuoka\Fukuoka_Kitsunezuka\Fukuoka_Kitsunezuka_6.jpg","OK_extra"
"福岡県\福岡54_殿様塚古墳\40_54_5.jpg","Fukuoka\Fukuoka_Tonosamazuka\Fukuoka_Tonosamazuka_5.jpg","OK_ledger"
"福岡県\福岡54_殿様塚古墳\40_54_6.jpg","Fukuoka\Fukuoka_Tonosamazuka\Fukuoka_Tonosamazuka_6.jpg","OK_ledger"
"福岡県\福岡54_殿様塚古墳\40_54_7.jpg","Fukuoka\Fukuoka_Tonosamazuka\Fukuoka_Tonosamazuka_7.jpg","OK_ledger"
"福岡県\福岡54_殿様塚古墳\40_54_8.jpg","Fukuoka\Fukuoka_Tonosamazuka\Fukuoka_Tonosamazuka_8.jpg","OK_ledger"
"福岡県\福岡55_東光寺剣塚古墳\40_55_10.jpg","Fukuoka\Fukuoka_Tokoji_Tsurugizuka\Fukuoka_Tokoji_Tsurugizuka_10.jpg","OK_ledger"
"福岡県\福岡55_東光寺剣塚古墳\40_55_5.jpg","Fukuoka\Fukuoka_Tokoji_Tsurugizuka\Fukuoka_Tokoji_Tsurugizuka_5.jpg","OK_ledger"
"福岡県\福岡55_東光寺剣塚古墳\40_55_6.jpg","Fukuoka\Fukuoka_Tokoji_Tsurugizuka\Fukuoka_Tokoji_Tsurugizuka_6.jpg","OK_ledger"
"福岡県\福岡55_東光寺剣塚古墳\40_55_7.jpg","Fukuoka\Fukuoka_Tokoji_Tsurugizuka\Fukuoka_Tokoji_Tsurugizuka_7.jpg","OK_ledger"
"福岡県\福岡55_東光寺剣塚古墳\40_55_8.jpg","Fukuoka\Fukuoka_Tokoji_Tsurugizuka\Fukuoka_Tokoji_Tsurugizuka_8.jpg","OK_ledger"
"福岡県\福岡55_東光寺剣塚古墳\40_55_9.jpg","Fukuoka\Fukuoka_Tokoji_Tsurugizuka\Fukuoka_Tokoji_Tsurugizuka_9.jpg","OK_ledger"
"福岡県\福岡55_東光寺剣塚古墳\IMG_2190.JPG","Fukuoka\Fukuoka_Tokoji_Tsurugizuka\Fukuoka_Tokoji_Tsurugizuka_2190.jpg","OK_extra"
"福岡県\福岡55_東光寺剣塚古墳\IMG_2192.JPG","Fukuoka\Fukuoka_Tokoji_Tsurugizuka\Fukuoka_Tokoji_Tsurugizuka_2192.jpg","OK_extra"
"福岡県\福岡55_東光寺剣塚古墳\IMG_2196.JPG","Fukuoka\Fukuoka_Tokoji_Tsurugizuka\Fukuoka_Tokoji_Tsurugizuka_2196.jpg","OK_extra"
"福岡県\福岡55_東光寺剣塚古墳\PC092114.JPG","Fukuoka\Fukuoka_Tokoji_Tsurugizuka\Fukuoka_Tokoji_Tsurugizuka_092114.jpg","OK_extra"
"福岡県\福岡55_東光寺剣塚古墳\PC092123.JPG","Fukuoka\Fukuoka_Tokoji_Tsurugizuka\Fukuoka_Tokoji_Tsurugizuka_092123.jpg","OK_extra"
"福岡県\福岡55_東光寺剣塚古墳\PC092124.JPG","Fukuoka\Fukuoka_Tokoji_Tsurugizuka\Fukuoka_Tokoji_Tsurugizuka_092124.jpg","OK_extra"
"福岡県\福岡55_東光寺剣塚古墳\PC092129.JPG","Fukuoka\Fukuoka_Tokoji_Tsurugizuka\Fukuoka_Tokoji_Tsurugizuka_092129.jpg","OK_extra"
"福岡県\福岡55_東光寺剣塚古墳\PC092133.JPG","Fukuoka\Fukuoka_Tokoji_Tsurugizuka\Fukuoka_Tokoji_Tsurugizuka_092133.jpg","OK_extra"
"福岡県\福岡55_東光寺剣塚古墳\PC092140.JPG","Fukuoka\Fukuoka_Tokoji_Tsurugizuka\Fukuoka_Tokoji_Tsurugizuka_092140.jpg","OK_extra"
"福岡県\福岡56_桜京2号墳\40_56_1.JPG","Fukuoka\Fukuoka_Sakurakyo_No2\Fukuoka_Sakurakyo_No2_1.jpg","OK_extra"
"福岡県\福岡56_桜京2号墳\40_56_2.JPG","Fukuoka\Fukuoka_Sakurakyo_No2\Fukuoka_Sakurakyo_No2_2.jpg","OK_extra"
"福岡県\福岡56_桜京2号墳\40_56_3.JPG","Fukuoka\Fukuoka_Sakurakyo_No2\Fukuoka_Sakurakyo_No2_3.jpg","OK_extra"
"福岡県\福岡56_桜京2号墳\40_56_5.jpg","Fukuoka\Fukuoka_Sakurakyo_No2\Fukuoka_Sakurakyo_No2_5.jpg","OK_ledger"
"福岡県\福岡56_桜京2号墳\40_56_6.jpg","Fukuoka\Fukuoka_Sakurakyo_No2\Fukuoka_Sakurakyo_No2_6.jpg","OK_ledger"
"福岡県\福岡56_桜京2号墳\40_56_7.jpg","Fukuoka\Fukuoka_Sakurakyo_No2\Fukuoka_Sakurakyo_No2_7.jpg","OK_ledger"
"福岡県\福岡60_垣生羅漢百穴1号\40_60_1.jpg","Fukuoka\Fukuoka_Habu_Rakan_Hyakketsu_No1\Fukuoka_Habu_Rakan_Hyakketsu_No1_1.jpg","OK_extra"
"福岡県\福岡60_垣生羅漢百穴1号\40_60_10.JPG","Fukuoka\Fukuoka_Habu_Rakan_Hyakketsu_No1\Fukuoka_Habu_Rakan_Hyakketsu_No1_10.jpg","OK_extra"
"福岡県\福岡60_垣生羅漢百穴1号\40_60_2.jpg","Fukuoka\Fukuoka_Habu_Rakan_Hyakketsu_No1\Fukuoka_Habu_Rakan_Hyakketsu_No1_2.jpg","OK_ledger"
"福岡県\福岡60_垣生羅漢百穴1号\40_60_4.JPG","Fukuoka\Fukuoka_Habu_Rakan_Hyakketsu_No1\Fukuoka_Habu_Rakan_Hyakketsu_No1_4.jpg","OK_extra"
"福岡県\福岡60_垣生羅漢百穴1号\40_60_5.JPG","Fukuoka\Fukuoka_Habu_Rakan_Hyakketsu_No1\Fukuoka_Habu_Rakan_Hyakketsu_No1_5.jpg","OK_ledger"
"福岡県\福岡60_垣生羅漢百穴1号\40_60_6.jpg","Fukuoka\Fukuoka_Habu_Rakan_Hyakketsu_No1\Fukuoka_Habu_Rakan_Hyakketsu_No1_6.jpg","OK_ledger"
"福岡県\福岡60_垣生羅漢百穴1号\40_60_7.jpg","Fukuoka\Fukuoka_Habu_Rakan_Hyakketsu_No1\Fukuoka_Habu_Rakan_Hyakketsu_No1_7.jpg","OK_ledger"
"福岡県\福岡60_垣生羅漢百穴1号\40_60_8.JPG","Fukuoka\Fukuoka_Habu_Rakan_Hyakketsu_No1\Fukuoka_Habu_Rakan_Hyakketsu_No1_8.jpg","OK_ledger"
"福岡県\福岡60_垣生羅漢百穴1号\40_60_9.jpg","Fukuoka\Fukuoka_Habu_Rakan_Hyakketsu_No1\Fukuoka_Habu_Rakan_Hyakketsu_No1_9.jpg","OK_ledger"
"福岡県\福岡62_古月横穴墓群\40_62_1.JPG","Fukuoka\Fukuoka_Furutsuki\Fukuoka_Furutsuki_1.jpg","OK_extra"
"福岡県\福岡62_古月横穴墓群\40_62_10.JPG","Fukuoka\Fukuoka_Furutsuki\Fukuoka_Furutsuki_10.jpg","OK_extra"
"福岡県\福岡62_古月横穴墓群\40_62_11.JPG","Fukuoka\Fukuoka_Furutsuki\Fukuoka_Furutsuki_11.jpg","OK_extra"
"福岡県\福岡62_古月横穴墓群\40_62_12.JPG","Fukuoka\Fukuoka_Furutsuki\Fukuoka_Furutsuki_12.jpg","OK_extra"
"福岡県\福岡62_古月横穴墓群\40_62_13.JPG","Fukuoka\Fukuoka_Furutsuki\Fukuoka_Furutsuki_13.jpg","OK_extra"
"福岡県\福岡62_古月横穴墓群\40_62_2.JPG","Fukuoka\Fukuoka_Furutsuki\Fukuoka_Furutsuki_2.jpg","OK_extra"
"福岡県\福岡62_古月横穴墓群\40_62_3.JPG","Fukuoka\Fukuoka_Furutsuki\Fukuoka_Furutsuki_3.jpg","OK_extra"
"福岡県\福岡62_古月横穴墓群\40_62_5.jpg","Fukuoka\Fukuoka_Furutsuki\Fukuoka_Furutsuki_5.jpg","OK_ledger"
"福岡県\福岡62_古月横穴墓群\40_62_6.jpg","Fukuoka\Fukuoka_Furutsuki\Fukuoka_Furutsuki_6.jpg","OK_ledger"
"福岡県\福岡62_古月横穴墓群\40_62_7.jpg","Fukuoka\Fukuoka_Furutsuki\Fukuoka_Furutsuki_7.jpg","OK_ledger"
"福岡県\福岡62_古月横穴墓群\40_62_8.JPG","Fukuoka\Fukuoka_Furutsuki\Fukuoka_Furutsuki_8.jpg","OK_extra"
"福岡県\福岡62_古月横穴墓群\40_62_9.JPG","Fukuoka\Fukuoka_Furutsuki\Fukuoka_Furutsuki_9.jpg","OK_extra"
"福岡県\福岡63_水町横穴墓群\40_63_1.JPG","Fukuoka\Fukuoka_Mizumachi\Fukuoka_Mizumachi_1.jpg","OK_extra"
"福岡県\福岡63_水町横穴墓群\40_63_10.JPG","Fukuoka\Fukuoka_Mizumachi\Fukuoka_Mizumachi_10.jpg","OK_extra"
"福岡県\福岡63_水町横穴墓群\40_63_11.JPG","Fukuoka\Fukuoka_Mizumachi\Fukuoka_Mizumachi_11.jpg","OK_extra"
"福岡県\福岡63_水町横穴墓群\40_63_12.JPG","Fukuoka\Fukuoka_Mizumachi\Fukuoka_Mizumachi_12.jpg","OK_extra"
"福岡県\福岡63_水町横穴墓群\40_63_13.JPG","Fukuoka\Fukuoka_Mizumachi\Fukuoka_Mizumachi_13.jpg","OK_extra"
"福岡県\福岡63_水町横穴墓群\40_63_14.JPG","Fukuoka\Fukuoka_Mizumachi\Fukuoka_Mizumachi_14.jpg","OK_extra"
"福岡県\福岡63_水町横穴墓群\40_63_15.JPG","Fukuoka\Fukuoka_Mizumachi\Fukuoka_Mizumachi_15.jpg","OK_extra"
"福岡県\福岡63_水町横穴墓群\40_63_16.JPG","Fukuoka\Fukuoka_Mizumachi\Fukuoka_Mizumachi_16.jpg","OK_extra"
"福岡県\福岡63_水町横穴墓群\40_63_17.JPG","Fukuoka\Fukuoka_Mizumachi\Fukuoka_Mizumachi_17.jpg","OK_extra"
"福岡県\福岡63_水町横穴墓群\40_63_18.JPG","Fukuoka\Fukuoka_Mizumachi\Fukuoka_Mizumachi_18.jpg","OK_extra"
"福岡県\福岡63_水町横穴墓群\40_63_19.JPG","Fukuoka\Fukuoka_Mizumachi\Fukuoka_Mizumachi_19.jpg","OK_extra"
"福岡県\福岡63_水町横穴墓群\40_63_2.JPG","Fukuoka\Fukuoka_Mizumachi\Fukuoka_Mizumachi_2.jpg","OK_extra"
"福岡県\福岡63_水町横穴墓群\40_63_20.JPG","Fukuoka\Fukuoka_Mizumachi\Fukuoka_Mizumachi_20.jpg","OK_extra"
"福岡県\福岡63_水町横穴墓群\40_63_21.JPG","Fukuoka\Fukuoka_Mizumachi\Fukuoka_Mizumachi_21.jpg","OK_extra"
"福岡県\福岡63_水町横穴墓群\40_63_22.JPG","Fukuoka\Fukuoka_Mizumachi\Fukuoka_Mizumachi_22.jpg","OK_extra"
"福岡県\福岡63_水町横穴墓群\40_63_23.JPG","Fukuoka\Fukuoka_Mizumachi\Fukuoka_Mizumachi_23.jpg","OK_extra"
"福岡県\福岡63_水町横穴墓群\40_63_3.JPG","Fukuoka\Fukuoka_Mizumachi\Fukuoka_Mizumachi_3.jpg","OK_extra"
"福岡県\福岡63_水町横穴墓群\40_63_5.JPG","Fukuoka\Fukuoka_Mizumachi\Fukuoka_Mizumachi_5.jpg","OK_ledger"
"福岡県\福岡63_水町横穴墓群\40_63_6.JPG","Fukuoka\Fukuoka_Mizumachi\Fukuoka_Mizumachi_6.jpg","OK_ledger"
"福岡県\福岡63_水町横穴墓群\40_63_7.JPG","Fukuoka\Fukuoka_Mizumachi\Fukuoka_Mizumachi_7.jpg","OK_extra"
"福岡県\福岡63_水町横穴墓群\40_63_8.JPG","Fukuoka\Fukuoka_Mizumachi\Fukuoka_Mizumachi_8.jpg","OK_extra"
"福岡県\福岡63_水町横穴墓群\40_63_9.JPG","Fukuoka\Fukuoka_Mizumachi\Fukuoka_Mizumachi_9.jpg","OK_extra"
"福岡県\福岡66_穴ケ葉山古墳群\40_66_1.JPG","Fukuoka\Fukuoka_Anagahayama\Fukuoka_Anagahayama_1.jpg","OK_extra"
"福岡県\福岡66_穴ケ葉山古墳群\40_66_10.jpg","Fukuoka\Fukuoka_Anagahayama\Fukuoka_Anagahayama_10.jpg","OK_ledger"
"福岡県\福岡66_穴ケ葉山古墳群\40_66_11.jpg","Fukuoka\Fukuoka_Anagahayama\Fukuoka_Anagahayama_11.jpg","OK_ledger"
"福岡県\福岡66_穴ケ葉山古墳群\40_66_12.jpg","Fukuoka\Fukuoka_Anagahayama\Fukuoka_Anagahayama_12.jpg","OK_ledger"
"福岡県\福岡66_穴ケ葉山古墳群\40_66_13.JPG","Fukuoka\Fukuoka_Anagahayama\Fukuoka_Anagahayama_13.jpg","OK_extra"
"福岡県\福岡66_穴ケ葉山古墳群\40_66_14.JPG","Fukuoka\Fukuoka_Anagahayama\Fukuoka_Anagahayama_14.jpg","OK_extra"
"福岡県\福岡66_穴ケ葉山古墳群\40_66_15.JPG","Fukuoka\Fukuoka_Anagahayama\Fukuoka_Anagahayama_15.jpg","OK_extra"
"福岡県\福岡66_穴ケ葉山古墳群\40_66_16.JPG","Fukuoka\Fukuoka_Anagahayama\Fukuoka_Anagahayama_16.jpg","OK_ledger"
"福岡県\福岡66_穴ケ葉山古墳群\40_66_2.JPG","Fukuoka\Fukuoka_Anagahayama\Fukuoka_Anagahayama_2.jpg","OK_extra"
"福岡県\福岡66_穴ケ葉山古墳群\40_66_3.JPG","Fukuoka\Fukuoka_Anagahayama\Fukuoka_Anagahayama_3.jpg","OK_extra"
"福岡県\福岡66_穴ケ葉山古墳群\40_66_5.jpg","Fukuoka\Fukuoka_Anagahayama\Fukuoka_Anagahayama_5.jpg","OK_ledger"
"福岡県\福岡66_穴ケ葉山古墳群\40_66_6.jpg","Fukuoka\Fukuoka_Anagahayama\Fukuoka_Anagahayama_6.jpg","OK_ledger"
"福岡県\福岡66_穴ケ葉山古墳群\40_66_7.jpg","Fukuoka\Fukuoka_Anagahayama\Fukuoka_Anagahayama_7.jpg","OK_ledger"
"福岡県\福岡66_穴ケ葉山古墳群\40_66_8.jpg","Fukuoka\Fukuoka_Anagahayama\Fukuoka_Anagahayama_8.jpg","OK_ledger"
"福岡県\福岡66_穴ケ葉山古墳群\40_66_9.jpg","Fukuoka\Fukuoka_Anagahayama\Fukuoka_Anagahayama_9.jpg","OK_ledger"
"福岡県\福岡70_山田1号墳\40_70_5.jpg","Fukuoka\Fukuoka_Yamada_No1\Fukuoka_Yamada_No1_5.jpg","OK_extra"
"福岡県\福岡70_山田1号墳\40_70_6.jpg","Fukuoka\Fukuoka_Yamada_No1\Fukuoka_Yamada_No1_6.jpg","OK_extra"
"福岡県\福岡70_山田1号墳\40_70_7.jpg","Fukuoka\Fukuoka_Yamada_No1\Fukuoka_Yamada_No1_7.jpg","OK_extra"
"福岡県\福岡70_山田1号墳\40_70_8.jpg","Fukuoka\Fukuoka_Yamada_No1\Fukuoka_Yamada_No1_8.jpg","OK_ledger"
"福岡県\福岡71_百留横穴墓群\40_71_2.jpg","Fukuoka\Fukuoka_Hyakudomi\Fukuoka_Hyakudomi_2.jpg","OK_extra"
"福岡県\福岡71_百留横穴墓群\40_71_5.jpg","Fukuoka\Fukuoka_Hyakudomi\Fukuoka_Hyakudomi_5.jpg","OK_extra"
"福岡県\福岡71_百留横穴墓群\40_71_6.jpg","Fukuoka\Fukuoka_Hyakudomi\Fukuoka_Hyakudomi_6.jpg","OK_extra"
"福岡県\福岡7_中原狐塚古墳\40_7_1.JPG","Fukuoka\Fukuoka_Nakabaru_Kitsunezuka\Fukuoka_Nakabaru_Kitsunezuka_1.jpg","OK_extra"
"福岡県\福岡7_中原狐塚古墳\40_7_2.JPG","Fukuoka\Fukuoka_Nakabaru_Kitsunezuka\Fukuoka_Nakabaru_Kitsunezuka_2.jpg","OK_extra"
"福岡県\福岡7_中原狐塚古墳\40_7_3.JPG","Fukuoka\Fukuoka_Nakabaru_Kitsunezuka\Fukuoka_Nakabaru_Kitsunezuka_3.jpg","OK_extra"
"福岡県\福岡7_中原狐塚古墳\40_7_5.JPG","Fukuoka\Fukuoka_Nakabaru_Kitsunezuka\Fukuoka_Nakabaru_Kitsunezuka_5.jpg","OK_ledger"
"福岡県\福岡7_中原狐塚古墳\40_7_6.JPG","Fukuoka\Fukuoka_Nakabaru_Kitsunezuka\Fukuoka_Nakabaru_Kitsunezuka_6.jpg","OK_ledger"
"福岡県\福岡7_中原狐塚古墳\40_7_7.JPG","Fukuoka\Fukuoka_Nakabaru_Kitsunezuka\Fukuoka_Nakabaru_Kitsunezuka_7.jpg","OK_ledger"
"福岡県\福岡7_中原狐塚古墳\40_7_8.JPG","Fukuoka\Fukuoka_Nakabaru_Kitsunezuka\Fukuoka_Nakabaru_Kitsunezuka_8.jpg","OK_extra"
"福岡県\福岡8_西館古墳\40_8_10.jpg","Fukuoka\Fukuoka_Nishinotate\Fukuoka_Nishinotate_10.jpg","OK_ledger"
"福岡県\福岡8_西館古墳\40_8_5.jpg","Fukuoka\Fukuoka_Nishinotate\Fukuoka_Nishinotate_5.jpg","OK_ledger"
"福岡県\福岡8_西館古墳\40_8_6.jpg","Fukuoka\Fukuoka_Nishinotate\Fukuoka_Nishinotate_6.jpg","OK_ledger"
"福岡県\福岡8_西館古墳\40_8_7.jpg","Fukuoka\Fukuoka_Nishinotate\Fukuoka_Nishinotate_7.jpg","OK_ledger"
"福岡県\福岡8_西館古墳\40_8_8.jpg","Fukuoka\Fukuoka_Nishinotate\Fukuoka_Nishinotate_8.jpg","OK_ledger"
"福岡県\福岡8_西館古墳\40_8_9.jpg","Fukuoka\Fukuoka_Nishinotate\Fukuoka_Nishinotate_9.jpg","OK_ledger"
"福岡県\福岡999_丸ノ口古墳群\40_999_1.JPG","Fukuoka\Fukuoka_Marunokuchi\Fukuoka_Marunokuchi_1.jpg","OK_extra"
"福岡県\福岡999_丸ノ口古墳群\40_999_10.JPG","Fukuoka\Fukuoka_Marunokuchi\Fukuoka_Marunokuchi_10.jpg","OK_extra"
"福岡県\福岡999_丸ノ口古墳群\40_999_11.JPG","Fukuoka\Fukuoka_Marunokuchi\Fukuoka_Marunokuchi_11.jpg","OK_extra"
"福岡県\福岡999_丸ノ口古墳群\40_999_12.JPG","Fukuoka\Fukuoka_Marunokuchi\Fukuoka_Marunokuchi_12.jpg","OK_extra"
"福岡県\福岡999_丸ノ口古墳群\40_999_13.JPG","Fukuoka\Fukuoka_Marunokuchi\Fukuoka_Marunokuchi_13.jpg","OK_extra"
"福岡県\福岡999_丸ノ口古墳群\40_999_14.JPG","Fukuoka\Fukuoka_Marunokuchi\Fukuoka_Marunokuchi_14.jpg","OK_extra"
"福岡県\福岡999_丸ノ口古墳群\40_999_15.JPG","Fukuoka\Fukuoka_Marunokuchi\Fukuoka_Marunokuchi_15.jpg","OK_extra"
"福岡県\福岡999_丸ノ口古墳群\40_999_16.JPG","Fukuoka\Fukuoka_Marunokuchi\Fukuoka_Marunokuchi_16.jpg","OK_extra"
"福岡県\福岡999_丸ノ口古墳群\40_999_17.JPG","Fukuoka\Fukuoka_Marunokuchi\Fukuoka_Marunokuchi_17.jpg","OK_extra"
"福岡県\福岡999_丸ノ口古墳群\40_999_2.JPG","Fukuoka\Fukuoka_Marunokuchi\Fukuoka_Marunokuchi_2.jpg","OK_extra"
"福岡県\福岡999_丸ノ口古墳群\40_999_3.JPG","Fukuoka\Fukuoka_Marunokuchi\Fukuoka_Marunokuchi_3.jpg","OK_extra"
"福岡県\福岡999_丸ノ口古墳群\40_999_5.JPG","Fukuoka\Fukuoka_Marunokuchi\Fukuoka_Marunokuchi_5.jpg","OK_ledger"
"福岡県\福岡999_丸ノ口古墳群\40_999_6.JPG","Fukuoka\Fukuoka_Marunokuchi\Fukuoka_Marunokuchi_6.jpg","OK_ledger"
"福岡県\福岡999_丸ノ口古墳群\40_999_7.JPG","Fukuoka\Fukuoka_Marunokuchi\Fukuoka_Marunokuchi_7.jpg","OK_ledger"
"福岡県\福岡999_丸ノ口古墳群\40_999_8.JPG","Fukuoka\Fukuoka_Marunokuchi\Fukuoka_Marunokuchi_8.jpg","OK_extra"
"福岡県\福岡999_丸ノ口古墳群\40_999_9.JPG","Fukuoka\Fukuoka_Marunokuchi\Fukuoka_Marunokuchi_9.jpg","OK_extra"
"福岡県\福岡9_寺徳古墳\40_9_1.jpg","Fukuoka\Fukuoka_Jitoku\Fukuoka_Jitoku_1.jpg","OK_extra"
"福岡県\福岡9_寺徳古墳\40_9_10.jpg","Fukuoka\Fukuoka_Jitoku\Fukuoka_Jitoku_10.jpg","OK_ledger"
"福岡県\福岡9_寺徳古墳\40_9_11.jpg","Fukuoka\Fukuoka_Jitoku\Fukuoka_Jitoku_11.jpg","OK_ledger"
"福岡県\福岡9_寺徳古墳\40_9_12.jpg","Fukuoka\Fukuoka_Jitoku\Fukuoka_Jitoku_12.jpg","OK_ledger"
"福岡県\福岡9_寺徳古墳\40_9_13.jpg","Fukuoka\Fukuoka_Jitoku\Fukuoka_Jitoku_13.jpg","OK_ledger"
"福岡県\福岡9_寺徳古墳\40_9_14.JPG","Fukuoka\Fukuoka_Jitoku\Fukuoka_Jitoku_14.jpg","OK_extra"
"福岡県\福岡9_寺徳古墳\40_9_2.JPG","Fukuoka\Fukuoka_Jitoku\Fukuoka_Jitoku_2.jpg","OK_extra"
"福岡県\福岡9_寺徳古墳\40_9_3.JPG","Fukuoka\Fukuoka_Jitoku\Fukuoka_Jitoku_3.jpg","OK_extra"
"福岡県\福岡9_寺徳古墳\40_9_4.jpg","Fukuoka\Fukuoka_Jitoku\Fukuoka_Jitoku_4.jpg","OK_extra"
"福岡県\福岡9_寺徳古墳\40_9_5.jpg","Fukuoka\Fukuoka_Jitoku\Fukuoka_Jitoku_5.jpg","OK_ledger"
"福岡県\福岡9_寺徳古墳\40_9_6.jpg","Fukuoka\Fukuoka_Jitoku\Fukuoka_Jitoku_6.jpg","OK_ledger"
"福岡県\福岡9_寺徳古墳\40_9_7.jpg","Fukuoka\Fukuoka_Jitoku\Fukuoka_Jitoku_7.jpg","OK_ledger"
"福岡県\福岡9_寺徳古墳\40_9_8.jpg","Fukuoka\Fukuoka_Jitoku\Fukuoka_Jitoku_8.jpg","OK_ledger"
"福岡県\福岡9_寺徳古墳\40_9_9.jpg","Fukuoka\Fukuoka_Jitoku\Fukuoka_Jitoku_9.jpg","OK_ledger"
"福島県\福島1_羽山横穴墓\07_1_1.JPG","Fukushima\Fukushima_Hayama\Fukushima_Hayama_1.jpg","OK_extra"
"福島県\福島1_羽山横穴墓\07_1_10.JPG","Fukushima\Fukushima_Hayama\Fukushima_Hayama_10.jpg","OK_extra"
"福島県\福島1_羽山横穴墓\07_1_2.JPG","Fukushima\Fukushima_Hayama\Fukushima_Hayama_2.jpg","OK_extra"
"福島県\福島1_羽山横穴墓\07_1_3.JPG","Fukushima\Fukushima_Hayama\Fukushima_Hayama_3.jpg","OK_extra"
"福島県\福島1_羽山横穴墓\07_1_5.jpg","Fukushima\Fukushima_Hayama\Fukushima_Hayama_5.jpg","OK_ledger"
"福島県\福島1_羽山横穴墓\07_1_6.jpg","Fukushima\Fukushima_Hayama\Fukushima_Hayama_6.jpg","OK_ledger"
"福島県\福島1_羽山横穴墓\07_1_7.jpg","Fukushima\Fukushima_Hayama\Fukushima_Hayama_7.jpg","OK_ledger"
"福島県\福島1_羽山横穴墓\07_1_8.JPG","Fukushima\Fukushima_Hayama\Fukushima_Hayama_8.jpg","OK_extra"
"福島県\福島1_羽山横穴墓\07_1_9.JPG","Fukushima\Fukushima_Hayama\Fukushima_Hayama_9.jpg","OK_extra"
"福島県\福島2_清戸さく横穴墓\07_2_1.JPG","Fukushima\Fukushima_Kiyotosaku\Fukushima_Kiyotosaku_1.jpg","OK_extra"
"福島県\福島2_清戸さく横穴墓\07_2_2.JPG","Fukushima\Fukushima_Kiyotosaku\Fukushima_Kiyotosaku_2.jpg","OK_extra"
"福島県\福島2_清戸さく横穴墓\07_2_3.JPG","Fukushima\Fukushima_Kiyotosaku\Fukushima_Kiyotosaku_3.jpg","OK_extra"
"福島県\福島2_清戸さく横穴墓\07_2_5.jpg","Fukushima\Fukushima_Kiyotosaku\Fukushima_Kiyotosaku_5.jpg","OK_ledger"
"福島県\福島2_清戸さく横穴墓\07_2_6.jpg","Fukushima\Fukushima_Kiyotosaku\Fukushima_Kiyotosaku_6.jpg","OK_ledger"
"福島県\福島2_清戸さく横穴墓\07_2_7.jpg","Fukushima\Fukushima_Kiyotosaku\Fukushima_Kiyotosaku_7.jpg","OK_ledger"
"福島県\福島2_清戸さく横穴墓\07_2_8.jpg","Fukushima\Fukushima_Kiyotosaku\Fukushima_Kiyotosaku_8.jpg","OK_extra"
"福島県\福島2_清戸さく横穴墓\07_2_9.JPG","Fukushima\Fukushima_Kiyotosaku\Fukushima_Kiyotosaku_9.jpg","OK_extra"
"福島県\福島3_中田横穴墓\07_3_1.JPG","Fukushima\Fukushima_Nakata\Fukushima_Nakata_1.jpg","OK_extra"
"福島県\福島3_中田横穴墓\07_3_2.JPG","Fukushima\Fukushima_Nakata\Fukushima_Nakata_2.jpg","OK_extra"
"福島県\福島3_中田横穴墓\07_3_3.JPG","Fukushima\Fukushima_Nakata\Fukushima_Nakata_3.jpg","OK_extra"
"福島県\福島3_中田横穴墓\07_3_5.jpg","Fukushima\Fukushima_Nakata\Fukushima_Nakata_5.jpg","OK_ledger"
"福島県\福島3_中田横穴墓\07_3_6.JPG","Fukushima\Fukushima_Nakata\Fukushima_Nakata_6.jpg","OK_extra"
"福島県\福島3_中田横穴墓\07_3_7.JPG","Fukushima\Fukushima_Nakata\Fukushima_Nakata_7.jpg","OK_extra"
"福島県\福島4_泉崎横穴墓\07_4_1.JPG","Fukushima\Fukushima_Izumizaki\Fukushima_Izumizaki_1.jpg","OK_extra"
"福島県\福島4_泉崎横穴墓\07_4_10.jpg","Fukushima\Fukushima_Izumizaki\Fukushima_Izumizaki_10.jpg","OK_ledger"
"福島県\福島4_泉崎横穴墓\07_4_11.jpg","Fukushima\Fukushima_Izumizaki\Fukushima_Izumizaki_11.jpg","OK_extra"
"福島県\福島4_泉崎横穴墓\07_4_12.JPG","Fukushima\Fukushima_Izumizaki\Fukushima_Izumizaki_12.jpg","OK_extra"
"福島県\福島4_泉崎横穴墓\07_4_13.JPG","Fukushima\Fukushima_Izumizaki\Fukushima_Izumizaki_13.jpg","OK_extra"
"福島県\福島4_泉崎横穴墓\07_4_2.JPG","Fukushima\Fukushima_Izumizaki\Fukushima_Izumizaki_2.jpg","OK_extra"
"福島県\福島4_泉崎横穴墓\07_4_3.JPG","Fukushima\Fukushima_Izumizaki\Fukushima_Izumizaki_3.jpg","OK_extra"
"福島県\福島4_泉崎横穴墓\07_4_5.jpg","Fukushima\Fukushima_Izumizaki\Fukushima_Izumizaki_5.jpg","OK_ledger"
"福島県\福島4_泉崎横穴墓\07_4_6.jpg","Fukushima\Fukushima_Izumizaki\Fukushima_Izumizaki_6.jpg","OK_ledger"
"福島県\福島4_泉崎横穴墓\07_4_7.jpg","Fukushima\Fukushima_Izumizaki\Fukushima_Izumizaki_7.jpg","OK_ledger"
"福島県\福島4_泉崎横穴墓\07_4_8.jpg","Fukushima\Fukushima_Izumizaki\Fukushima_Izumizaki_8.jpg","OK_ledger"
"福島県\福島4_泉崎横穴墓\07_4_9.jpg","Fukushima\Fukushima_Izumizaki\Fukushima_Izumizaki_9.jpg","OK_ledger"
"茨城県\茨城10_十王前横穴墓群\08_10_2.JPG","Ibaraki\Ibaraki_Juomae\Ibaraki_Juomae_2.jpg","OK_extra"
"茨城県\茨城10_十王前横穴墓群\08_10_5.JPG","Ibaraki\Ibaraki_Juomae\Ibaraki_Juomae_5.jpg","OK_extra"
"茨城県\茨城13_幡バッケ横穴墓群\08_13_1.JPG","Ibaraki\Ibaraki_Hata_Bakke\Ibaraki_Hata_Bakke_1.jpg","OK_extra"
"茨城県\茨城13_幡バッケ横穴墓群\08_13_10.JPG","Ibaraki\Ibaraki_Hata_Bakke\Ibaraki_Hata_Bakke_10.jpg","OK_ledger"
"茨城県\茨城13_幡バッケ横穴墓群\08_13_11.JPG","Ibaraki\Ibaraki_Hata_Bakke\Ibaraki_Hata_Bakke_11.jpg","OK_extra"
"茨城県\茨城13_幡バッケ横穴墓群\08_13_12.JPG","Ibaraki\Ibaraki_Hata_Bakke\Ibaraki_Hata_Bakke_12.jpg","OK_ledger"
"茨城県\茨城13_幡バッケ横穴墓群\08_13_13.JPG","Ibaraki\Ibaraki_Hata_Bakke\Ibaraki_Hata_Bakke_13.jpg","OK_ledger"
"茨城県\茨城13_幡バッケ横穴墓群\08_13_14.JPG","Ibaraki\Ibaraki_Hata_Bakke\Ibaraki_Hata_Bakke_14.jpg","OK_ledger"
"茨城県\茨城13_幡バッケ横穴墓群\08_13_15.JPG","Ibaraki\Ibaraki_Hata_Bakke\Ibaraki_Hata_Bakke_15.jpg","OK_ledger"
"茨城県\茨城13_幡バッケ横穴墓群\08_13_16.JPG","Ibaraki\Ibaraki_Hata_Bakke\Ibaraki_Hata_Bakke_16.jpg","OK_ledger"
"茨城県\茨城13_幡バッケ横穴墓群\08_13_17.JPG","Ibaraki\Ibaraki_Hata_Bakke\Ibaraki_Hata_Bakke_17.jpg","OK_extra"
"茨城県\茨城13_幡バッケ横穴墓群\08_13_2.JPG","Ibaraki\Ibaraki_Hata_Bakke\Ibaraki_Hata_Bakke_2.jpg","OK_extra"
"茨城県\茨城13_幡バッケ横穴墓群\08_13_3.JPG","Ibaraki\Ibaraki_Hata_Bakke\Ibaraki_Hata_Bakke_3.jpg","OK_extra"
"茨城県\茨城13_幡バッケ横穴墓群\08_13_5.JPG","Ibaraki\Ibaraki_Hata_Bakke\Ibaraki_Hata_Bakke_5.jpg","OK_ledger"
"茨城県\茨城13_幡バッケ横穴墓群\08_13_6.JPG","Ibaraki\Ibaraki_Hata_Bakke\Ibaraki_Hata_Bakke_6.jpg","OK_ledger"
"茨城県\茨城13_幡バッケ横穴墓群\08_13_7.JPG","Ibaraki\Ibaraki_Hata_Bakke\Ibaraki_Hata_Bakke_7.jpg","OK_ledger"
"茨城県\茨城13_幡バッケ横穴墓群\08_13_8.JPG","Ibaraki\Ibaraki_Hata_Bakke\Ibaraki_Hata_Bakke_8.jpg","OK_ledger"
"茨城県\茨城13_幡バッケ横穴墓群\08_13_9.JPG","Ibaraki\Ibaraki_Hata_Bakke\Ibaraki_Hata_Bakke_9.jpg","OK_ledger"
"茨城県\茨城1_虎塚古墳\08_1_1.JPG","","SKIP_folder_not_in_map"
"茨城県\茨城1_虎塚古墳\08_1_10.jpg","","SKIP_folder_not_in_map"
"茨城県\茨城1_虎塚古墳\08_1_11.jpg","","SKIP_folder_not_in_map"
"茨城県\茨城1_虎塚古墳\08_1_12.JPG","","SKIP_folder_not_in_map"
"茨城県\茨城1_虎塚古墳\08_1_13.JPG","","SKIP_folder_not_in_map"
"茨城県\茨城1_虎塚古墳\08_1_5.jpg","","SKIP_folder_not_in_map"
"茨城県\茨城1_虎塚古墳\08_1_6.jpg","","SKIP_folder_not_in_map"
"茨城県\茨城1_虎塚古墳\08_1_7.JPG","","SKIP_folder_not_in_map"
"茨城県\茨城1_虎塚古墳\08_1_8.jpg","","SKIP_folder_not_in_map"
"茨城県\茨城1_虎塚古墳\08_1_9.jpg","","SKIP_folder_not_in_map"
"茨城県\茨城2_船玉古墳\08_2_1.JPG","Ibaraki\Ibaraki_Funatama\Ibaraki_Funatama_1.jpg","OK_extra"
"茨城県\茨城2_船玉古墳\08_2_2.JPG","Ibaraki\Ibaraki_Funatama\Ibaraki_Funatama_2.jpg","OK_extra"
"茨城県\茨城2_船玉古墳\08_2_3.JPG","Ibaraki\Ibaraki_Funatama\Ibaraki_Funatama_3.jpg","OK_extra"
"茨城県\茨城2_船玉古墳\08_2_5.JPG","Ibaraki\Ibaraki_Funatama\Ibaraki_Funatama_5.jpg","OK_ledger"
"茨城県\茨城3_花園古墳\08_3_1.JPG","Ibaraki\Ibaraki_Hanazono\Ibaraki_Hanazono_1.jpg","OK_extra"
"茨城県\茨城3_花園古墳\08_3_2.JPG","Ibaraki\Ibaraki_Hanazono\Ibaraki_Hanazono_2.jpg","OK_extra"
"茨城県\茨城3_花園古墳\08_3_3.JPG","Ibaraki\Ibaraki_Hanazono\Ibaraki_Hanazono_3.jpg","OK_extra"
"茨城県\茨城3_花園古墳\08_3_5.JPG","Ibaraki\Ibaraki_Hanazono\Ibaraki_Hanazono_5.jpg","OK_extra"
"茨城県\茨城3_花園古墳\08_3_6.JPG","Ibaraki\Ibaraki_Hanazono\Ibaraki_Hanazono_6.jpg","OK_extra"
"茨城県\茨城3_花園古墳\08_3_7.JPG","Ibaraki\Ibaraki_Hanazono\Ibaraki_Hanazono_7.jpg","OK_extra"
"茨城県\茨城4_大師の唐櫃古墳\08_4_1.JPG","Ibaraki\Ibaraki_Daishino_Karato\Ibaraki_Daishino_Karato_1.jpg","OK_extra"
"茨城県\茨城4_大師の唐櫃古墳\08_4_10.JPG","Ibaraki\Ibaraki_Daishino_Karato\Ibaraki_Daishino_Karato_10.jpg","OK_extra"
"茨城県\茨城4_大師の唐櫃古墳\08_4_11.JPG","Ibaraki\Ibaraki_Daishino_Karato\Ibaraki_Daishino_Karato_11.jpg","OK_extra"
"茨城県\茨城4_大師の唐櫃古墳\08_4_2.JPG","Ibaraki\Ibaraki_Daishino_Karato\Ibaraki_Daishino_Karato_2.jpg","OK_extra"
"茨城県\茨城4_大師の唐櫃古墳\08_4_3.JPG","Ibaraki\Ibaraki_Daishino_Karato\Ibaraki_Daishino_Karato_3.jpg","OK_extra"
"茨城県\茨城4_大師の唐櫃古墳\08_4_5.JPG","Ibaraki\Ibaraki_Daishino_Karato\Ibaraki_Daishino_Karato_5.jpg","OK_ledger"
"茨城県\茨城4_大師の唐櫃古墳\08_4_6.JPG","Ibaraki\Ibaraki_Daishino_Karato\Ibaraki_Daishino_Karato_6.jpg","OK_ledger"
"茨城県\茨城4_大師の唐櫃古墳\08_4_7.JPG","Ibaraki\Ibaraki_Daishino_Karato\Ibaraki_Daishino_Karato_7.jpg","OK_ledger"
"茨城県\茨城4_大師の唐櫃古墳\08_4_8.JPG","Ibaraki\Ibaraki_Daishino_Karato\Ibaraki_Daishino_Karato_8.jpg","OK_extra"
"茨城県\茨城4_大師の唐櫃古墳\08_4_9.JPG","Ibaraki\Ibaraki_Daishino_Karato\Ibaraki_Daishino_Karato_9.jpg","OK_ledger"
"茨城県\茨城6_吉田古墳\08_6_1.jpg","Ibaraki\Ibaraki_Yoshida\Ibaraki_Yoshida_1.jpg","OK_extra"
"茨城県\茨城6_吉田古墳\08_6_2.JPG","Ibaraki\Ibaraki_Yoshida\Ibaraki_Yoshida_2.jpg","OK_extra"
"茨城県\茨城6_吉田古墳\08_6_3.JPG","Ibaraki\Ibaraki_Yoshida\Ibaraki_Yoshida_3.jpg","OK_extra"
"茨城県\茨城6_吉田古墳\08_6_5.jpg","Ibaraki\Ibaraki_Yoshida\Ibaraki_Yoshida_5.jpg","OK_extra"
"茨城県\茨城6_吉田古墳\08_6_6.JPG","Ibaraki\Ibaraki_Yoshida\Ibaraki_Yoshida_6.jpg","OK_extra"
"茨城県\茨城6_吉田古墳\08_6_7.jpg","Ibaraki\Ibaraki_Yoshida\Ibaraki_Yoshida_7.jpg","OK_extra"
"茨城県\茨城9_白河内古墳\08_9_2.JPG","Ibaraki\Ibaraki_Shirakochi\Ibaraki_Shirakochi_2.jpg","OK_extra"
"茨城県\茨城9_白河内古墳\08_9_3.JPG","Ibaraki\Ibaraki_Shirakochi\Ibaraki_Shirakochi_3.jpg","OK_extra"
"茨城県\茨城9_白河内古墳\08_9_5.JPG","Ibaraki\Ibaraki_Shirakochi\Ibaraki_Shirakochi_5.jpg","OK_extra"
"茨城県\茨城9_白河内古墳\08_9_6.JPG","Ibaraki\Ibaraki_Shirakochi\Ibaraki_Shirakochi_6.jpg","OK_extra"
"長崎県\長崎1_長戸鬼塚古墳\42_1_1.JPG","Nagasaki\Nagasaki_Nagato_Onizuka\Nagasaki_Nagato_Onizuka_1.jpg","OK_extra"
"長崎県\長崎1_長戸鬼塚古墳\42_1_10.JPG","Nagasaki\Nagasaki_Nagato_Onizuka\Nagasaki_Nagato_Onizuka_10.jpg","OK_extra"
"長崎県\長崎1_長戸鬼塚古墳\42_1_11.jpg","Nagasaki\Nagasaki_Nagato_Onizuka\Nagasaki_Nagato_Onizuka_11.jpg","OK_extra"
"長崎県\長崎1_長戸鬼塚古墳\42_1_12.JPG","Nagasaki\Nagasaki_Nagato_Onizuka\Nagasaki_Nagato_Onizuka_12.jpg","OK_ledger"
"長崎県\長崎1_長戸鬼塚古墳\42_1_13.JPG","Nagasaki\Nagasaki_Nagato_Onizuka\Nagasaki_Nagato_Onizuka_13.jpg","OK_extra"
"長崎県\長崎1_長戸鬼塚古墳\42_1_2.JPG","Nagasaki\Nagasaki_Nagato_Onizuka\Nagasaki_Nagato_Onizuka_2.jpg","OK_extra"
"長崎県\長崎1_長戸鬼塚古墳\42_1_3.JPG","Nagasaki\Nagasaki_Nagato_Onizuka\Nagasaki_Nagato_Onizuka_3.jpg","OK_extra"
"長崎県\長崎1_長戸鬼塚古墳\42_1_5.JPG","Nagasaki\Nagasaki_Nagato_Onizuka\Nagasaki_Nagato_Onizuka_5.jpg","OK_ledger"
"長崎県\長崎1_長戸鬼塚古墳\42_1_6.jpg","Nagasaki\Nagasaki_Nagato_Onizuka\Nagasaki_Nagato_Onizuka_6.jpg","OK_ledger"
"長崎県\長崎1_長戸鬼塚古墳\42_1_7.JPG","Nagasaki\Nagasaki_Nagato_Onizuka\Nagasaki_Nagato_Onizuka_7.jpg","OK_ledger"
"長崎県\長崎1_長戸鬼塚古墳\42_1_8.JPG","Nagasaki\Nagasaki_Nagato_Onizuka\Nagasaki_Nagato_Onizuka_8.jpg","OK_ledger"
"長崎県\長崎1_長戸鬼塚古墳\42_1_9.JPG","Nagasaki\Nagasaki_Nagato_Onizuka\Nagasaki_Nagato_Onizuka_9.jpg","OK_extra"
"長崎県\長崎2_丸尾古墳\42_2_1.JPG","Nagasaki\Nagasaki_Maruo\Nagasaki_Maruo_1.jpg","OK_extra"
"長崎県\長崎2_丸尾古墳\42_2_2.JPG","Nagasaki\Nagasaki_Maruo\Nagasaki_Maruo_2.jpg","OK_extra"
"長崎県\長崎2_丸尾古墳\42_2_3.JPG","Nagasaki\Nagasaki_Maruo\Nagasaki_Maruo_3.jpg","OK_extra"
"長崎県\長崎2_丸尾古墳\42_2_5.jpg","Nagasaki\Nagasaki_Maruo\Nagasaki_Maruo_5.jpg","OK_ledger"
"長崎県\長崎2_丸尾古墳\42_2_6.jpg","Nagasaki\Nagasaki_Maruo\Nagasaki_Maruo_6.jpg","OK_ledger"
"長崎県\長崎2_丸尾古墳\42_2_7.JPG","Nagasaki\Nagasaki_Maruo\Nagasaki_Maruo_7.jpg","OK_extra"
"長崎県\長崎3_善神さん古墳\42_3_1.JPG","Nagasaki\Nagasaki_Zenjinsan\Nagasaki_Zenjinsan_1.jpg","OK_extra"
"長崎県\長崎3_善神さん古墳\42_3_2.JPG","Nagasaki\Nagasaki_Zenjinsan\Nagasaki_Zenjinsan_2.jpg","OK_extra"
"長崎県\長崎3_善神さん古墳\42_3_3.JPG","Nagasaki\Nagasaki_Zenjinsan\Nagasaki_Zenjinsan_3.jpg","OK_extra"
"長崎県\長崎3_善神さん古墳\42_3_5.JPG","Nagasaki\Nagasaki_Zenjinsan\Nagasaki_Zenjinsan_5.jpg","OK_extra"
"長崎県\長崎3_善神さん古墳\42_3_6.JPG","Nagasaki\Nagasaki_Zenjinsan\Nagasaki_Zenjinsan_6.jpg","OK_ledger"
"長崎県\長崎3_善神さん古墳\42_3_7.JPG","Nagasaki\Nagasaki_Zenjinsan\Nagasaki_Zenjinsan_7.jpg","OK_ledger"
"長崎県\長崎3_善神さん古墳\42_3_8.JPG","Nagasaki\Nagasaki_Zenjinsan\Nagasaki_Zenjinsan_8.jpg","OK_ledger"
"長崎県\長崎4_双六古墳\42_4_2.JPG","Nagasaki\Nagasaki_Sugoroku\Nagasaki_Sugoroku_2.jpg","OK_extra"
"長崎県\長崎4_双六古墳\42_4_3.JPG","Nagasaki\Nagasaki_Sugoroku\Nagasaki_Sugoroku_3.jpg","OK_extra"
"長崎県\長崎4_双六古墳\42_4_5.jpg","Nagasaki\Nagasaki_Sugoroku\Nagasaki_Sugoroku_5.jpg","OK_ledger"
"長崎県\長崎4_双六古墳\42_4_6.jpg","Nagasaki\Nagasaki_Sugoroku\Nagasaki_Sugoroku_6.jpg","OK_ledger"
"長崎県\長崎4_双六古墳\42_4_7.jpg","Nagasaki\Nagasaki_Sugoroku\Nagasaki_Sugoroku_7.jpg","OK_ledger"
"長崎県\長崎4_双六古墳\42_4_8.jpg","Nagasaki\Nagasaki_Sugoroku\Nagasaki_Sugoroku_8.jpg","OK_extra"
"長崎県\長崎4_双六古墳\42_4_9.JPG","Nagasaki\Nagasaki_Sugoroku\Nagasaki_Sugoroku_9.jpg","OK_extra"
"長崎県\長崎6_鬼屋窪古墳\42_6_1.JPG","Nagasaki\Nagasaki_Oniyakubo\Nagasaki_Oniyakubo_1.jpg","OK_extra"
"長崎県\長崎6_鬼屋窪古墳\42_6_2.jpg","Nagasaki\Nagasaki_Oniyakubo\Nagasaki_Oniyakubo_2.jpg","OK_extra"
"長崎県\長崎6_鬼屋窪古墳\42_6_3.JPG","Nagasaki\Nagasaki_Oniyakubo\Nagasaki_Oniyakubo_3.jpg","OK_extra"
"長崎県\長崎6_鬼屋窪古墳\42_6_5.jpg","Nagasaki\Nagasaki_Oniyakubo\Nagasaki_Oniyakubo_5.jpg","OK_ledger"
"長崎県\長崎6_鬼屋窪古墳\42_6_6.jpg","Nagasaki\Nagasaki_Oniyakubo\Nagasaki_Oniyakubo_6.jpg","OK_ledger"
"長崎県\長崎6_鬼屋窪古墳\42_6_7.jpg","Nagasaki\Nagasaki_Oniyakubo\Nagasaki_Oniyakubo_7.jpg","OK_ledger"
"長崎県\長崎6_鬼屋窪古墳\42_6_8.JPG","Nagasaki\Nagasaki_Oniyakubo\Nagasaki_Oniyakubo_8.jpg","OK_ledger"
"長崎県\長崎6_鬼屋窪古墳\42_6_9.JPG","Nagasaki\Nagasaki_Oniyakubo\Nagasaki_Oniyakubo_9.jpg","OK_extra"
"長崎県\長崎7_百田頭5号墳\42_7_2.jpg","Nagasaki\Nagasaki_Hyakutagashira_No5\Nagasaki_Hyakutagashira_No5_2.jpg","OK_extra"
"長崎県\長崎7_百田頭5号墳\42_7_5.jpg","Nagasaki\Nagasaki_Hyakutagashira_No5\Nagasaki_Hyakutagashira_No5_5.jpg","OK_ledger"
"長崎県\長崎7_百田頭5号墳\42_7_6.jpg","Nagasaki\Nagasaki_Hyakutagashira_No5\Nagasaki_Hyakutagashira_No5_6.jpg","OK_ledger"
"長崎県\長崎7_百田頭5号墳\42_7_7.jpg","Nagasaki\Nagasaki_Hyakutagashira_No5\Nagasaki_Hyakutagashira_No5_7.jpg","OK_ledger"
"長崎県\長崎7_百田頭5号墳\42_7_8.jpg","Nagasaki\Nagasaki_Hyakutagashira_No5\Nagasaki_Hyakutagashira_No5_8.jpg","OK_ledger"
"長崎県\長崎7_百田頭5号墳\42_7_9.jpg","Nagasaki\Nagasaki_Hyakutagashira_No5\Nagasaki_Hyakutagashira_No5_9.jpg","OK_ledger"
"長崎県\長野1_吉古墳\20_1_2.JPG","Nagano\Nagano_Yoshi\Nagano_Yoshi_2.jpg","OK_extra"
"長崎県\長野1_吉古墳\20_1_3.JPG","Nagano\Nagano_Yoshi\Nagano_Yoshi_3.jpg","OK_extra"
"長崎県\長野1_吉古墳\20_1_5.JPG","Nagano\Nagano_Yoshi\Nagano_Yoshi_5.jpg","OK_extra"
"長崎県\長野1_吉古墳\20_1_6.JPG","Nagano\Nagano_Yoshi\Nagano_Yoshi_6.jpg","OK_extra"
"長崎県\長野1_吉古墳\20_1_7.JPG","Nagano\Nagano_Yoshi\Nagano_Yoshi_7.jpg","OK_extra"
"長崎県\長野1_吉古墳\20_1_8.JPG","Nagano\Nagano_Yoshi\Nagano_Yoshi_8.jpg","OK_extra"
"長崎県\長野99_神宮寺古墳\20_99_1.JPG","Nagano\Nagano_Jinguji\Nagano_Jinguji_1.jpg","OK_extra"
"長崎県\長野99_神宮寺古墳\20_99_2.JPG","Nagano\Nagano_Jinguji\Nagano_Jinguji_2.jpg","OK_extra"
"長崎県\長野99_神宮寺古墳\20_99_3.JPG","Nagano\Nagano_Jinguji\Nagano_Jinguji_3.jpg","OK_extra"
"長崎県\長野99_神宮寺古墳\20_99_5.JPG","Nagano\Nagano_Jinguji\Nagano_Jinguji_5.jpg","OK_ledger"
"長崎県\長野99_神宮寺古墳\20_99_6.JPG","Nagano\Nagano_Jinguji\Nagano_Jinguji_6.jpg","OK_ledger"
"長崎県\長野99_神宮寺古墳\20_99_7.JPG","Nagano\Nagano_Jinguji\Nagano_Jinguji_7.jpg","OK_extra"
"静岡県\静岡7_兎沢古墳群\22_7_1.JPG","Shizuoka\Shizuoka_Usagisawa\Shizuoka_Usagisawa_1.jpg","OK_extra"
"静岡県\静岡7_兎沢古墳群\22_7_10.JPG","Shizuoka\Shizuoka_Usagisawa\Shizuoka_Usagisawa_10.jpg","OK_ledger"
"静岡県\静岡7_兎沢古墳群\22_7_11.JPG","Shizuoka\Shizuoka_Usagisawa\Shizuoka_Usagisawa_11.jpg","OK_ledger"
"静岡県\静岡7_兎沢古墳群\22_7_12.JPG","Shizuoka\Shizuoka_Usagisawa\Shizuoka_Usagisawa_12.jpg","OK_extra"
"静岡県\静岡7_兎沢古墳群\22_7_2.JPG","Shizuoka\Shizuoka_Usagisawa\Shizuoka_Usagisawa_2.jpg","OK_extra"
"静岡県\静岡7_兎沢古墳群\22_7_3.JPG","Shizuoka\Shizuoka_Usagisawa\Shizuoka_Usagisawa_3.jpg","OK_extra"
"静岡県\静岡7_兎沢古墳群\22_7_5.jpg","Shizuoka\Shizuoka_Usagisawa\Shizuoka_Usagisawa_5.jpg","OK_ledger"
"静岡県\静岡7_兎沢古墳群\22_7_6.jpg","Shizuoka\Shizuoka_Usagisawa\Shizuoka_Usagisawa_6.jpg","OK_ledger"
"静岡県\静岡7_兎沢古墳群\22_7_7.JPG","Shizuoka\Shizuoka_Usagisawa\Shizuoka_Usagisawa_7.jpg","OK_extra"
"静岡県\静岡7_兎沢古墳群\22_7_8.jpg","Shizuoka\Shizuoka_Usagisawa\Shizuoka_Usagisawa_8.jpg","OK_extra"
"静岡県\静岡7_兎沢古墳群\22_7_9.JPG","Shizuoka\Shizuoka_Usagisawa\Shizuoka_Usagisawa_9.jpg","OK_extra"
"非装飾古墳\丸隅山古墳\丸隅山古墳01.jpg","","SKIP_folder_not_in_map"
"非装飾古墳\丸隅山古墳\丸隅山古墳02.jpg","","SKIP_folder_not_in_map"
"非装飾古墳\丸隅山古墳\丸隅山古墳03.jpg","","SKIP_folder_not_in_map"
"非装飾古墳\大野窟古墳\大野窟古墳03.jpg","","SKIP_folder_not_in_map"
"非装飾古墳\大野窟古墳\大野窟古墳04.jpg","","SKIP_folder_not_in_map"
"非装飾古墳\楠名重定古墳\楠名重定古墳02.jpg","","SKIP_folder_not_in_map"
"非装飾古墳\横田下古墳\横田下古墳01.jpg","","SKIP_folder_not_in_map"
"非装飾古墳\横田下古墳\横田下古墳02.jpg","","SKIP_folder_not_in_map"
"非装飾古墳\横田下古墳\横田下古墳03.jpg","","SKIP_folder_not_in_map"
"非装飾古墳\横田下古墳\横田下古墳04-1.jpg","","SKIP_folder_not_in_map"
"非装飾古墳\横田下古墳\横田下古墳04-2.jpg","","SKIP_folder_not_in_map"
"非装飾古墳\江田船山古墳\江田船山古墳01.jpg","","SKIP_folder_not_in_map"
"非装飾古墳\江田船山古墳\江田船山古墳02.jpg","","SKIP_folder_not_in_map"
"非装飾古墳\谷口古墳\谷口古墳02.jpg","","SKIP_folder_not_in_map"
"非装飾古墳\谷口古墳\谷口古墳03.jpg","","SKIP_folder_not_in_map"
"非装飾古墳\谷口古墳\谷口古墳04-1.jpg","","SKIP_folder_not_in_map"
"非装飾古墳\谷口古墳\谷口古墳04-2.jpg","","SKIP_folder_not_in_map"
"韓国\korea1_高霊古衙洞古墳群\korea1_1.jpg","Korea\Korea_Goryeong_Goadong\Korea_Goryeong_Goadong_1.jpg","OK_extra"
"韓国\korea1_高霊古衙洞古墳群\korea1_2.jpg","Korea\Korea_Goryeong_Goadong\Korea_Goryeong_Goadong_2.jpg","OK_extra"
"韓国\korea1_高霊古衙洞古墳群\korea1_3.jpg","Korea\Korea_Goryeong_Goadong\Korea_Goryeong_Goadong_3.jpg","OK_extra"
"韓国\korea1_高霊古衙洞古墳群\korea1_5.jpg","Korea\Korea_Goryeong_Goadong\Korea_Goryeong_Goadong_5.jpg","OK_extra"
"韓国\korea1_高霊古衙洞古墳群\korea1_6.jpg","Korea\Korea_Goryeong_Goadong\Korea_Goryeong_Goadong_6.jpg","OK_extra"
"韓国\korea2_陵山里東下塚古墳\korea2_1.JPG","Korea\Korea_Neungsanri_Donghachong\Korea_Neungsanri_Donghachong_1.jpg","OK_extra"
"韓国\korea2_陵山里東下塚古墳\korea2_10.JPG","Korea\Korea_Neungsanri_Donghachong\Korea_Neungsanri_Donghachong_10.jpg","OK_ledger"
"韓国\korea2_陵山里東下塚古墳\korea2_11.JPG","Korea\Korea_Neungsanri_Donghachong\Korea_Neungsanri_Donghachong_11.jpg","OK_extra"
"韓国\korea2_陵山里東下塚古墳\korea2_12.JPG","Korea\Korea_Neungsanri_Donghachong\Korea_Neungsanri_Donghachong_12.jpg","OK_extra"
"韓国\korea2_陵山里東下塚古墳\korea2_2.JPG","Korea\Korea_Neungsanri_Donghachong\Korea_Neungsanri_Donghachong_2.jpg","OK_extra"
"韓国\korea2_陵山里東下塚古墳\korea2_3.JPG","Korea\Korea_Neungsanri_Donghachong\Korea_Neungsanri_Donghachong_3.jpg","OK_extra"
"韓国\korea2_陵山里東下塚古墳\korea2_5.JPG","Korea\Korea_Neungsanri_Donghachong\Korea_Neungsanri_Donghachong_5.jpg","OK_ledger"
"韓国\korea2_陵山里東下塚古墳\korea2_6.JPG","Korea\Korea_Neungsanri_Donghachong\Korea_Neungsanri_Donghachong_6.jpg","OK_ledger"
"韓国\korea2_陵山里東下塚古墳\korea2_7.JPG","Korea\Korea_Neungsanri_Donghachong\Korea_Neungsanri_Donghachong_7.jpg","OK_ledger"
"韓国\korea2_陵山里東下塚古墳\korea2_8.JPG","Korea\Korea_Neungsanri_Donghachong\Korea_Neungsanri_Donghachong_8.jpg","OK_ledger"
"韓国\korea2_陵山里東下塚古墳\korea2_9.JPG","Korea\Korea_Neungsanri_Donghachong\Korea_Neungsanri_Donghachong_9.jpg","OK_ledger"
"韓国\korea3_順興壁画墳\korea3_10.JPG","","SKIP_folder_not_in_map"
"韓国\korea3_順興壁画墳\korea3_11.JPG","","SKIP_folder_not_in_map"
"韓国\korea3_順興壁画墳\korea3_12.JPG","","SKIP_folder_not_in_map"
"韓国\korea3_順興壁画墳\korea3_13.JPG","","SKIP_folder_not_in_map"
"韓国\korea3_順興壁画墳\korea3_14.JPG","","SKIP_folder_not_in_map"
"韓国\korea3_順興壁画墳\korea3_15.JPG","","SKIP_folder_not_in_map"
"韓国\korea3_順興壁画墳\korea3_16.JPG","","SKIP_folder_not_in_map"
"韓国\korea3_順興壁画墳\korea3_17.JPG","","SKIP_folder_not_in_map"
"韓国\korea3_順興壁画墳\korea3_5.JPG","","SKIP_folder_not_in_map"
"韓国\korea3_順興壁画墳\korea3_6.JPG","","SKIP_folder_not_in_map"
"韓国\korea3_順興壁画墳\korea3_7.JPG","","SKIP_folder_not_in_map"
"韓国\korea3_順興壁画墳\korea3_8.JPG","","SKIP_folder_not_in_map"
"韓国\korea3_順興壁画墳\korea3_9.JPG","","SKIP_folder_not_in_map"
"韓国\korea4_宋山里6号墳\korea4_1.JPG","Korea\Korea_Songsanri_No6\Korea_Songsanri_No6_1.jpg","OK_extra"
"韓国\korea4_宋山里6号墳\korea4_10.JPG","Korea\Korea_Songsanri_No6\Korea_Songsanri_No6_10.jpg","OK_ledger"
"韓国\korea4_宋山里6号墳\korea4_11.JPG","Korea\Korea_Songsanri_No6\Korea_Songsanri_No6_11.jpg","OK_extra"
"韓国\korea4_宋山里6号墳\korea4_2.JPG","Korea\Korea_Songsanri_No6\Korea_Songsanri_No6_2.jpg","OK_extra"
"韓国\korea4_宋山里6号墳\korea4_3.JPG","Korea\Korea_Songsanri_No6\Korea_Songsanri_No6_3.jpg","OK_extra"
"韓国\korea4_宋山里6号墳\korea4_5.JPG","Korea\Korea_Songsanri_No6\Korea_Songsanri_No6_5.jpg","OK_ledger"
"韓国\korea4_宋山里6号墳\korea4_6.JPG","Korea\Korea_Songsanri_No6\Korea_Songsanri_No6_6.jpg","OK_ledger"
"韓国\korea4_宋山里6号墳\korea4_7.JPG","Korea\Korea_Songsanri_No6\Korea_Songsanri_No6_7.jpg","OK_ledger"
"韓国\korea4_宋山里6号墳\korea4_8.JPG","Korea\Korea_Songsanri_No6\Korea_Songsanri_No6_8.jpg","OK_ledger"
"韓国\korea4_宋山里6号墳\korea4_9.JPG","Korea\Korea_Songsanri_No6\Korea_Songsanri_No6_9.jpg","OK_ledger"
"韓国\korea5_屯馬里壁画古墳\korea5_1.JPG","Korea\Korea_Dunmari\Korea_Dunmari_1.jpg","OK_extra"
"韓国\korea5_屯馬里壁画古墳\korea5_2.JPG","Korea\Korea_Dunmari\Korea_Dunmari_2.jpg","OK_extra"
"韓国\korea5_屯馬里壁画古墳\korea5_3.JPG","Korea\Korea_Dunmari\Korea_Dunmari_3.jpg","OK_extra"
"韓国\korea5_屯馬里壁画古墳\korea5_5.JPG","Korea\Korea_Dunmari\Korea_Dunmari_5.jpg","OK_ledger"
"韓国\korea5_屯馬里壁画古墳\korea5_6.JPG","Korea\Korea_Dunmari\Korea_Dunmari_6.jpg","OK_extra"
"韓国\korea6_武寧王陵\korea6_1.JPG","Korea\Korea_Muryeongwangneung\Korea_Muryeongwangneung_1.jpg","OK_extra"
"韓国\korea6_武寧王陵\korea6_10.JPG","Korea\Korea_Muryeongwangneung\Korea_Muryeongwangneung_10.jpg","OK_extra"
"韓国\korea6_武寧王陵\korea6_2.JPG","Korea\Korea_Muryeongwangneung\Korea_Muryeongwangneung_2.jpg","OK_extra"
"韓国\korea6_武寧王陵\korea6_3.JPG","Korea\Korea_Muryeongwangneung\Korea_Muryeongwangneung_3.jpg","OK_extra"
"韓国\korea6_武寧王陵\korea6_5.JPG","Korea\Korea_Muryeongwangneung\Korea_Muryeongwangneung_5.jpg","OK_ledger"
"韓国\korea6_武寧王陵\korea6_6.JPG","Korea\Korea_Muryeongwangneung\Korea_Muryeongwangneung_6.jpg","OK_ledger"
"韓国\korea6_武寧王陵\korea6_7.JPG","Korea\Korea_Muryeongwangneung\Korea_Muryeongwangneung_7.jpg","OK_ledger"
"韓国\korea6_武寧王陵\korea6_8.JPG","Korea\Korea_Muryeongwangneung\Korea_Muryeongwangneung_8.jpg","OK_ledger"
"韓国\korea6_武寧王陵\korea6_9.JPG","Korea\Korea_Muryeongwangneung\Korea_Muryeongwangneung_9.jpg","OK_extra"
"香川県\香川10_興昌寺山古墳\37_10_1.JPG","Kagawa\Kagawa_Koshojiyama\Kagawa_Koshojiyama_1.jpg","OK_extra"
"香川県\香川10_興昌寺山古墳\37_10_2.JPG","Kagawa\Kagawa_Koshojiyama\Kagawa_Koshojiyama_2.jpg","OK_extra"
"香川県\香川10_興昌寺山古墳\37_10_3.JPG","Kagawa\Kagawa_Koshojiyama\Kagawa_Koshojiyama_3.jpg","OK_extra"
"香川県\香川10_興昌寺山古墳\37_10_5.JPG","Kagawa\Kagawa_Koshojiyama\Kagawa_Koshojiyama_5.jpg","OK_ledger"
"香川県\香川10_興昌寺山古墳\37_10_6.JPG","Kagawa\Kagawa_Koshojiyama\Kagawa_Koshojiyama_6.jpg","OK_ledger"
"香川県\香川15_醍醐古墳群\37_15_2.JPG","Kagawa\Kagawa_Daigo\Kagawa_Daigo_2.jpg","OK_extra"
"香川県\香川15_醍醐古墳群\37_15_3.JPG","Kagawa\Kagawa_Daigo\Kagawa_Daigo_3.jpg","OK_extra"
"香川県\香川15_醍醐古墳群\37_15_5.JPG","Kagawa\Kagawa_Daigo\Kagawa_Daigo_5.jpg","OK_extra"
"香川県\香川15_醍醐古墳群\37_15_6.JPG","Kagawa\Kagawa_Daigo\Kagawa_Daigo_6.jpg","OK_extra"
"香川県\香川1_宮が尾古墳\37_1_1.JPG","Kagawa\Kagawa_Miyagao\Kagawa_Miyagao_1.jpg","OK_extra"
"香川県\香川1_宮が尾古墳\37_1_10.JPG","Kagawa\Kagawa_Miyagao\Kagawa_Miyagao_10.jpg","OK_extra"
"香川県\香川1_宮が尾古墳\37_1_11.JPG","Kagawa\Kagawa_Miyagao\Kagawa_Miyagao_11.jpg","OK_extra"
"香川県\香川1_宮が尾古墳\37_1_12.jpg","Kagawa\Kagawa_Miyagao\Kagawa_Miyagao_12.jpg","OK_extra"
"香川県\香川1_宮が尾古墳\37_1_13.JPG","Kagawa\Kagawa_Miyagao\Kagawa_Miyagao_13.jpg","OK_extra"
"香川県\香川1_宮が尾古墳\37_1_14.JPG","Kagawa\Kagawa_Miyagao\Kagawa_Miyagao_14.jpg","OK_extra"
"香川県\香川1_宮が尾古墳\37_1_15.JPG","Kagawa\Kagawa_Miyagao\Kagawa_Miyagao_15.jpg","OK_extra"
"香川県\香川1_宮が尾古墳\37_1_16.JPG","Kagawa\Kagawa_Miyagao\Kagawa_Miyagao_16.jpg","OK_extra"
"香川県\香川1_宮が尾古墳\37_1_17.JPG","Kagawa\Kagawa_Miyagao\Kagawa_Miyagao_17.jpg","OK_extra"
"香川県\香川1_宮が尾古墳\37_1_18.JPG","Kagawa\Kagawa_Miyagao\Kagawa_Miyagao_18.jpg","OK_extra"
"香川県\香川1_宮が尾古墳\37_1_19.JPG","Kagawa\Kagawa_Miyagao\Kagawa_Miyagao_19.jpg","OK_extra"
"香川県\香川1_宮が尾古墳\37_1_2.JPG","Kagawa\Kagawa_Miyagao\Kagawa_Miyagao_2.jpg","OK_extra"
"香川県\香川1_宮が尾古墳\37_1_3.JPG","Kagawa\Kagawa_Miyagao\Kagawa_Miyagao_3.jpg","OK_extra"
"香川県\香川1_宮が尾古墳\37_1_5.JPG","Kagawa\Kagawa_Miyagao\Kagawa_Miyagao_5.jpg","OK_ledger"
"香川県\香川1_宮が尾古墳\37_1_6.JPG","Kagawa\Kagawa_Miyagao\Kagawa_Miyagao_6.jpg","OK_ledger"
"香川県\香川1_宮が尾古墳\37_1_7.JPG","Kagawa\Kagawa_Miyagao\Kagawa_Miyagao_7.jpg","OK_ledger"
"香川県\香川1_宮が尾古墳\37_1_8.JPG","Kagawa\Kagawa_Miyagao\Kagawa_Miyagao_8.jpg","OK_ledger"
"香川県\香川1_宮が尾古墳\37_1_9.JPG","Kagawa\Kagawa_Miyagao\Kagawa_Miyagao_9.jpg","OK_extra"
"香川県\香川4_岡古墳群\37_4_1.JPG","Kagawa\Kagawa_Oka\Kagawa_Oka_1.jpg","OK_extra"
"香川県\香川4_岡古墳群\37_4_2.JPG","Kagawa\Kagawa_Oka\Kagawa_Oka_2.jpg","OK_extra"
"香川県\香川4_岡古墳群\37_4_3.JPG","Kagawa\Kagawa_Oka\Kagawa_Oka_3.jpg","OK_extra"
"香川県\香川4_岡古墳群\37_4_5.JPG","Kagawa\Kagawa_Oka\Kagawa_Oka_5.jpg","OK_ledger"
"香川県\香川4_岡古墳群\37_4_6.JPG","Kagawa\Kagawa_Oka\Kagawa_Oka_6.jpg","OK_ledger"
"香川県\香川4_岡古墳群\37_4_7.JPG","Kagawa\Kagawa_Oka\Kagawa_Oka_7.jpg","OK_ledger"
"香川県\香川4_岡古墳群\37_4_8.JPG","Kagawa\Kagawa_Oka\Kagawa_Oka_8.jpg","OK_ledger"
"香川県\香川4_岡古墳群\37_4_9.JPG","Kagawa\Kagawa_Oka\Kagawa_Oka_9.jpg","OK_ledger"
"鳥取県\鳥取11_鷺山古墳\31_11_1.JPG","Tottori\Tottori_Sagiyama\Tottori_Sagiyama_1.jpg","OK_extra"
"鳥取県\鳥取11_鷺山古墳\31_11_10.JPG","Tottori\Tottori_Sagiyama\Tottori_Sagiyama_10.jpg","OK_ledger"
"鳥取県\鳥取11_鷺山古墳\31_11_11.JPG","Tottori\Tottori_Sagiyama\Tottori_Sagiyama_11.jpg","OK_ledger"
"鳥取県\鳥取11_鷺山古墳\31_11_12.JPG","Tottori\Tottori_Sagiyama\Tottori_Sagiyama_12.jpg","OK_ledger"
"鳥取県\鳥取11_鷺山古墳\31_11_13.JPG","Tottori\Tottori_Sagiyama\Tottori_Sagiyama_13.jpg","OK_extra"
"鳥取県\鳥取11_鷺山古墳\31_11_14.JPG","Tottori\Tottori_Sagiyama\Tottori_Sagiyama_14.jpg","OK_extra"
"鳥取県\鳥取11_鷺山古墳\31_11_15.JPG","Tottori\Tottori_Sagiyama\Tottori_Sagiyama_15.jpg","OK_ledger"
"鳥取県\鳥取11_鷺山古墳\31_11_16.JPG","Tottori\Tottori_Sagiyama\Tottori_Sagiyama_16.jpg","OK_extra"
"鳥取県\鳥取11_鷺山古墳\31_11_17.JPG","Tottori\Tottori_Sagiyama\Tottori_Sagiyama_17.jpg","OK_extra"
"鳥取県\鳥取11_鷺山古墳\31_11_2.JPG","Tottori\Tottori_Sagiyama\Tottori_Sagiyama_2.jpg","OK_extra"
"鳥取県\鳥取11_鷺山古墳\31_11_3.JPG","Tottori\Tottori_Sagiyama\Tottori_Sagiyama_3.jpg","OK_extra"
"鳥取県\鳥取11_鷺山古墳\31_11_5.JPG","Tottori\Tottori_Sagiyama\Tottori_Sagiyama_5.jpg","OK_ledger"
"鳥取県\鳥取11_鷺山古墳\31_11_6.JPG","Tottori\Tottori_Sagiyama\Tottori_Sagiyama_6.jpg","OK_ledger"
"鳥取県\鳥取11_鷺山古墳\31_11_7.JPG","Tottori\Tottori_Sagiyama\Tottori_Sagiyama_7.jpg","OK_ledger"
"鳥取県\鳥取11_鷺山古墳\31_11_8.JPG","Tottori\Tottori_Sagiyama\Tottori_Sagiyama_8.jpg","OK_ledger"
"鳥取県\鳥取11_鷺山古墳\31_11_9.JPG","Tottori\Tottori_Sagiyama\Tottori_Sagiyama_9.jpg","OK_ledger"
"鳥取県\鳥取15_坊ヶ塚古墳\31_15_1.JPG","Tottori\Tottori_Bogazuka\Tottori_Bogazuka_1.jpg","OK_extra"
"鳥取県\鳥取15_坊ヶ塚古墳\31_15_10.JPG","Tottori\Tottori_Bogazuka\Tottori_Bogazuka_10.jpg","OK_ledger"
"鳥取県\鳥取15_坊ヶ塚古墳\31_15_2.JPG","Tottori\Tottori_Bogazuka\Tottori_Bogazuka_2.jpg","OK_extra"
"鳥取県\鳥取15_坊ヶ塚古墳\31_15_3.JPG","Tottori\Tottori_Bogazuka\Tottori_Bogazuka_3.jpg","OK_extra"
"鳥取県\鳥取15_坊ヶ塚古墳\31_15_5.JPG","Tottori\Tottori_Bogazuka\Tottori_Bogazuka_5.jpg","OK_ledger"
"鳥取県\鳥取15_坊ヶ塚古墳\31_15_6.JPG","Tottori\Tottori_Bogazuka\Tottori_Bogazuka_6.jpg","OK_ledger"
"鳥取県\鳥取15_坊ヶ塚古墳\31_15_7.JPG","Tottori\Tottori_Bogazuka\Tottori_Bogazuka_7.jpg","OK_ledger"
"鳥取県\鳥取15_坊ヶ塚古墳\31_15_8.JPG","Tottori\Tottori_Bogazuka\Tottori_Bogazuka_8.jpg","OK_ledger"
"鳥取県\鳥取15_坊ヶ塚古墳\31_15_9.JPG","Tottori\Tottori_Bogazuka\Tottori_Bogazuka_9.jpg","OK_ledger"
"鳥取県\鳥取19_空山古墳群\31_19_2.JPG","Tottori\Tottori_Sorayama\Tottori_Sorayama_2.jpg","OK_extra"
"鳥取県\鳥取19_空山古墳群\31_19_3.JPG","Tottori\Tottori_Sorayama\Tottori_Sorayama_3.jpg","OK_extra"
"鳥取県\鳥取19_空山古墳群\31_19_5.JPG","Tottori\Tottori_Sorayama\Tottori_Sorayama_5.jpg","OK_extra"
"鳥取県\鳥取19_空山古墳群\31_19_6.JPG","Tottori\Tottori_Sorayama\Tottori_Sorayama_6.jpg","OK_extra"
"鳥取県\鳥取1_梶山古墳\31_1_1.JPG","Tottori\Tottori_Kajiyama\Tottori_Kajiyama_1.jpg","OK_extra"
"鳥取県\鳥取1_梶山古墳\31_1_2.JPG","Tottori\Tottori_Kajiyama\Tottori_Kajiyama_2.jpg","OK_extra"
"鳥取県\鳥取1_梶山古墳\31_1_3.JPG","Tottori\Tottori_Kajiyama\Tottori_Kajiyama_3.jpg","OK_extra"
"鳥取県\鳥取1_梶山古墳\31_1_5.jpg","Tottori\Tottori_Kajiyama\Tottori_Kajiyama_5.jpg","OK_ledger"
"鳥取県\鳥取1_梶山古墳\31_1_6.jpg","Tottori\Tottori_Kajiyama\Tottori_Kajiyama_6.jpg","OK_ledger"
"鳥取県\鳥取1_梶山古墳\31_1_7.JPG","Tottori\Tottori_Kajiyama\Tottori_Kajiyama_7.jpg","OK_extra"
"鳥取県\鳥取1_梶山古墳\31_1_8.JPG","Tottori\Tottori_Kajiyama\Tottori_Kajiyama_8.jpg","OK_extra"
"鳥取県\鳥取1_梶山古墳\31_1_9.JPG","Tottori\Tottori_Kajiyama\Tottori_Kajiyama_9.jpg","OK_extra"
"鳥取県\鳥取2_福庭古墳\31_2_1.JPG","Tottori\Tottori_Fukuba\Tottori_Fukuba_1.jpg","OK_extra"
"鳥取県\鳥取2_福庭古墳\31_2_2.JPG","Tottori\Tottori_Fukuba\Tottori_Fukuba_2.jpg","OK_extra"
"鳥取県\鳥取2_福庭古墳\31_2_3.JPG","Tottori\Tottori_Fukuba\Tottori_Fukuba_3.jpg","OK_extra"
"鳥取県\鳥取2_福庭古墳\31_2_5.JPG","Tottori\Tottori_Fukuba\Tottori_Fukuba_5.jpg","OK_ledger"
"鳥取県\鳥取2_福庭古墳\31_2_6.JPG","Tottori\Tottori_Fukuba\Tottori_Fukuba_6.jpg","OK_ledger"
"鳥取県\鳥取2_福庭古墳\31_2_7.JPG","Tottori\Tottori_Fukuba\Tottori_Fukuba_7.jpg","OK_ledger"
"鳥取県\鳥取2_福庭古墳\31_2_8.JPG","Tottori\Tottori_Fukuba\Tottori_Fukuba_8.jpg","OK_ledger"
"鳥取県\鳥取35_睦逢11号墳\31_35_1.JPG","Tottori\Tottori_Mutsuo_No11\Tottori_Mutsuo_No11_1.jpg","OK_extra"
"鳥取県\鳥取35_睦逢11号墳\31_35_2.JPG","Tottori\Tottori_Mutsuo_No11\Tottori_Mutsuo_No11_2.jpg","OK_extra"
"鳥取県\鳥取35_睦逢11号墳\31_35_3.JPG","Tottori\Tottori_Mutsuo_No11\Tottori_Mutsuo_No11_3.jpg","OK_extra"
"鳥取県\鳥取35_睦逢11号墳\31_35_5.JPG","Tottori\Tottori_Mutsuo_No11\Tottori_Mutsuo_No11_5.jpg","OK_ledger"
"鳥取県\鳥取35_睦逢11号墳\31_35_6.JPG","Tottori\Tottori_Mutsuo_No11\Tottori_Mutsuo_No11_6.jpg","OK_ledger"
"鳥取県\鳥取35_睦逢11号墳\31_35_7.JPG","Tottori\Tottori_Mutsuo_No11\Tottori_Mutsuo_No11_7.jpg","OK_extra"
"鳥取県\鳥取35_睦逢11号墳\31_35_8.JPG","Tottori\Tottori_Mutsuo_No11\Tottori_Mutsuo_No11_8.jpg","OK_extra"
"鳥取県\鳥取36_殿15号墳\31_36_2.JPG","Tottori\Tottori_Tono_No15\Tottori_Tono_No15_2.jpg","OK_extra"
"鳥取県\鳥取36_殿15号墳\31_36_3.JPG","Tottori\Tottori_Tono_No15\Tottori_Tono_No15_3.jpg","OK_extra"
"鳥取県\鳥取39_阿古山22号墳\31_39_1.JPG","Tottori\Tottori_Akoyama_No22\Tottori_Akoyama_No22_1.jpg","OK_extra"
"鳥取県\鳥取39_阿古山22号墳\31_39_10.JPG","Tottori\Tottori_Akoyama_No22\Tottori_Akoyama_No22_10.jpg","OK_extra"
"鳥取県\鳥取39_阿古山22号墳\31_39_11.JPG","Tottori\Tottori_Akoyama_No22\Tottori_Akoyama_No22_11.jpg","OK_extra"
"鳥取県\鳥取39_阿古山22号墳\31_39_12.JPG","Tottori\Tottori_Akoyama_No22\Tottori_Akoyama_No22_12.jpg","OK_ledger"
"鳥取県\鳥取39_阿古山22号墳\31_39_13.JPG","Tottori\Tottori_Akoyama_No22\Tottori_Akoyama_No22_13.jpg","OK_ledger"
"鳥取県\鳥取39_阿古山22号墳\31_39_2.JPG","Tottori\Tottori_Akoyama_No22\Tottori_Akoyama_No22_2.jpg","OK_extra"
"鳥取県\鳥取39_阿古山22号墳\31_39_3.JPG","Tottori\Tottori_Akoyama_No22\Tottori_Akoyama_No22_3.jpg","OK_extra"
"鳥取県\鳥取39_阿古山22号墳\31_39_5.JPG","Tottori\Tottori_Akoyama_No22\Tottori_Akoyama_No22_5.jpg","OK_ledger"
"鳥取県\鳥取39_阿古山22号墳\31_39_6.JPG","Tottori\Tottori_Akoyama_No22\Tottori_Akoyama_No22_6.jpg","OK_ledger"
"鳥取県\鳥取39_阿古山22号墳\31_39_7.JPG","Tottori\Tottori_Akoyama_No22\Tottori_Akoyama_No22_7.jpg","OK_ledger"
"鳥取県\鳥取39_阿古山22号墳\31_39_8.JPG","Tottori\Tottori_Akoyama_No22\Tottori_Akoyama_No22_8.jpg","OK_extra"
"鳥取県\鳥取39_阿古山22号墳\31_39_9.JPG","Tottori\Tottori_Akoyama_No22\Tottori_Akoyama_No22_9.jpg","OK_ledger"
"鳥取県\鳥取41_三明寺古墳\31_41_1.JPG","Tottori\Tottori_Sanmyoji\Tottori_Sanmyoji_1.jpg","OK_extra"
"鳥取県\鳥取41_三明寺古墳\31_41_2.JPG","Tottori\Tottori_Sanmyoji\Tottori_Sanmyoji_2.jpg","OK_extra"
"鳥取県\鳥取41_三明寺古墳\31_41_3.JPG","Tottori\Tottori_Sanmyoji\Tottori_Sanmyoji_3.jpg","OK_extra"
"鳥取県\鳥取41_三明寺古墳\31_41_5.JPG","Tottori\Tottori_Sanmyoji\Tottori_Sanmyoji_5.jpg","OK_ledger"
"鳥取県\鳥取41_三明寺古墳\31_41_6.JPG","Tottori\Tottori_Sanmyoji\Tottori_Sanmyoji_6.jpg","OK_ledger"
"鳥取県\鳥取46_北福古墳群\31_46_2.JPG","Tottori\Tottori_Kitafuku\Tottori_Kitafuku_2.jpg","OK_extra"
"鳥取県\鳥取46_北福古墳群\31_46_3.JPG","Tottori\Tottori_Kitafuku\Tottori_Kitafuku_3.jpg","OK_extra"
"鳥取県\鳥取49_上下古墳群\31_49_1.JPG","Tottori\Tottori_Hashita\Tottori_Hashita_1.jpg","OK_extra"
"鳥取県\鳥取49_上下古墳群\31_49_2.JPG","Tottori\Tottori_Hashita\Tottori_Hashita_2.jpg","OK_extra"
"鳥取県\鳥取49_上下古墳群\31_49_3.JPG","Tottori\Tottori_Hashita\Tottori_Hashita_3.jpg","OK_extra"
"鳥取県\鳥取49_上下古墳群\31_49_5.JPG","Tottori\Tottori_Hashita\Tottori_Hashita_5.jpg","OK_extra"
"鳥取県\鳥取50_天神垣古墳\31_50_1.JPG","Tottori\Tottori_Tenjingaki\Tottori_Tenjingaki_1.jpg","OK_extra"
"鳥取県\鳥取50_天神垣古墳\31_50_3.JPG","Tottori\Tottori_Tenjingaki\Tottori_Tenjingaki_3.jpg","OK_extra"
"鳥取県\鳥取51_長者ヶ平古墳\31_51_1.JPG","Tottori\Tottori_Chojaganaru\Tottori_Chojaganaru_1.jpg","OK_extra"
"鳥取県\鳥取51_長者ヶ平古墳\31_51_2.JPG","Tottori\Tottori_Chojaganaru\Tottori_Chojaganaru_2.jpg","OK_extra"
"鳥取県\鳥取51_長者ヶ平古墳\31_51_3.JPG","Tottori\Tottori_Chojaganaru\Tottori_Chojaganaru_3.jpg","OK_extra"
"鳥取県\鳥取51_長者ヶ平古墳\31_51_5.JPG","Tottori\Tottori_Chojaganaru\Tottori_Chojaganaru_5.jpg","OK_ledger"
"鳥取県\鳥取51_長者ヶ平古墳\31_51_6.JPG","Tottori\Tottori_Chojaganaru\Tottori_Chojaganaru_6.jpg","OK_ledger"
"鳥取県\鳥取52_晩田31号墳\31_52_2.JPG","Tottori\Tottori_Banda_No31\Tottori_Banda_No31_2.jpg","OK_extra"
"鳥取県\鳥取52_晩田31号墳\31_52_3.JPG","Tottori\Tottori_Banda_No31\Tottori_Banda_No31_3.jpg","OK_extra"
